CGPA,Python_Skill,SQL_Skill,Machine_Learning_Skill,Deep_Learning_Skill,Data_Analysis_Skill,Statistics_Skill,Programming_Skill,DSA_Skill,Web_Development_Skill,Cybersecurity_Skill,Networking_Skill,Linux_Skill,Cloud_Skill,DevOps_Skill,NLP_Skill,Computer_Vision_Skill,OpenCV_Skill,Projects,Internship,Communication_Skill,Problem_Solving_Skill,Job_Role
7.19,5,2,4,5,3,5,4,3,5,2,4,2,4,5,1,4,2,4,0,3,4,AI Engineer
6.81,5,3,4,5,1,3,5,3,5,1,2,4,1,4,2,2,1,2,0,2,5,AI Engineer
6.58,5,1,5,4,4,2,2,4,5,2,2,4,2,2,4,4,1,3,0,4,5,AI Engineer
8.86,4,4,4,4,1,5,5,1,1,1,1,4,3,3,1,3,3,4,1,2,5,AI Engineer
7.11,5,1,5,4,4,3,3,1,3,5,3,1,5,2,3,1,2,0,1,1,4,AI Engineer
5.64,5,5,5,5,4,5,3,3,4,2,2,5,1,5,4,4,4,0,1,5,5,AI Engineer
7.93,5,1,5,5,1,4,5,1,3,3,1,5,1,3,2,4,3,1,0,4,5,AI Engineer
8.66,5,4,5,4,1,5,1,1,3,1,2,2,4,5,1,1,3,0,1,1,5,AI Engineer
7.52,5,1,4,4,2,3,1,1,4,3,5,3,4,4,3,4,3,5,1,4,4,AI Engineer
7.07,4,3,4,5,1,2,2,3,4,2,1,4,4,1,2,1,4,3,0,1,4,AI Engineer
6.35,4,1,5,4,1,4,4,3,1,3,1,5,2,2,2,3,5,0,0,3,5,AI Engineer
6.57,5,1,4,5,3,5,3,3,3,2,5,1,4,1,5,4,5,4,1,4,4,AI Engineer
8.96,4,3,5,4,5,5,1,5,3,4,1,4,5,5,1,3,2,0,1,4,5,AI Engineer
8.63,4,2,4,5,1,1,1,3,5,2,2,3,2,1,5,4,2,5,1,2,4,AI Engineer
6.37,5,2,5,5,1,2,5,2,2,1,4,2,3,4,5,1,5,5,1,4,4,AI Engineer
7.56,4,5,5,5,2,3,1,3,4,2,2,5,2,5,1,4,5,5,0,4,4,AI Engineer
7.49,5,1,5,5,5,3,4,2,3,5,1,5,4,5,1,4,5,5,1,1,5,AI Engineer
7.71,5,5,5,5,4,2,2,3,2,1,5,5,4,2,1,4,3,3,0,5,5,AI Engineer
8.08,4,5,4,5,1,1,2,3,4,5,5,4,2,5,3,2,3,0,0,5,5,AI Engineer
7.23,5,4,5,4,2,5,3,5,4,1,5,5,1,4,2,5,1,1,1,2,4,AI Engineer
8.79,4,1,4,5,3,1,1,1,4,1,5,3,3,1,4,4,5,3,1,1,4,AI Engineer
6.94,4,5,4,4,4,1,4,3,5,4,5,1,5,5,2,2,2,5,0,4,4,AI Engineer
7.08,4,2,5,5,5,5,2,1,2,3,2,2,5,5,5,3,5,1,0,4,4,AI Engineer
9.76,4,3,4,4,3,2,2,3,3,5,5,2,4,2,4,4,5,0,0,4,4,AI Engineer
8.56,5,1,4,5,2,4,5,5,5,5,5,3,4,5,4,3,3,3,1,1,4,AI Engineer
8.33,4,1,4,5,2,4,4,5,2,4,4,2,2,4,2,4,4,5,0,1,5,AI Engineer
7.54,4,5,5,4,5,3,5,2,3,5,1,2,2,2,3,5,5,0,0,1,5,AI Engineer
9.15,4,3,4,4,5,1,2,1,3,1,5,4,1,5,5,3,5,0,0,5,4,AI Engineer
8.91,5,3,5,4,4,1,1,2,4,2,2,2,3,3,2,4,1,2,0,5,5,AI Engineer
9.44,4,3,4,4,2,2,2,2,3,3,2,4,1,1,4,2,3,0,0,5,5,AI Engineer
7.57,4,5,4,5,2,5,3,3,3,3,1,3,4,4,1,3,3,0,1,1,5,AI Engineer
8.21,4,4,4,4,5,1,5,1,4,2,2,1,2,5,3,1,2,2,0,5,5,AI Engineer
5.87,4,4,5,5,3,5,4,2,4,2,5,2,3,3,3,3,4,5,0,5,5,AI Engineer
7.9,4,1,5,5,4,1,1,5,4,1,4,2,3,1,5,2,4,0,0,5,4,AI Engineer
8.85,4,5,4,5,2,3,3,5,5,1,1,5,5,4,3,1,3,0,1,3,4,AI Engineer
9.92,5,4,4,5,1,2,3,2,3,5,4,5,2,4,3,4,1,5,1,4,4,AI Engineer
8.68,4,5,4,4,1,2,2,5,2,4,2,5,2,4,1,5,1,5,1,5,4,AI Engineer
7.62,5,4,4,4,3,1,2,4,3,3,1,4,5,3,1,5,4,2,1,1,4,AI Engineer
9.17,4,5,4,5,2,3,5,1,1,1,1,1,2,5,3,3,3,2,1,2,5,AI Engineer
6.13,4,5,5,5,5,5,3,1,4,2,2,5,3,2,1,5,4,4,0,4,5,AI Engineer
7.76,5,2,4,5,3,4,4,2,3,3,5,4,3,2,2,3,4,4,0,4,5,AI Engineer
5.95,4,4,5,5,5,5,2,1,4,2,1,3,5,1,3,1,5,0,0,4,5,AI Engineer
6.06,5,5,4,4,4,1,5,2,1,3,4,1,2,3,2,2,3,0,0,3,5,AI Engineer
6.51,4,5,4,5,5,3,2,4,2,5,1,1,4,1,1,4,4,3,0,3,4,AI Engineer
6.85,5,5,4,4,5,3,2,1,3,2,2,4,1,2,3,4,1,4,1,3,4,AI Engineer
8.89,4,1,5,5,5,1,1,3,3,5,1,5,3,3,1,4,2,1,1,3,5,AI Engineer
8.21,4,5,5,4,1,5,3,5,3,4,5,4,2,2,1,5,4,5,0,4,5,AI Engineer
7.13,4,2,4,4,3,4,2,4,1,2,3,1,2,3,1,1,2,3,1,5,4,AI Engineer
6.13,4,5,4,5,5,3,2,5,2,4,1,2,1,5,1,2,4,2,1,4,5,AI Engineer
6.12,5,5,4,5,2,5,1,2,5,4,2,2,4,3,1,3,5,0,0,3,4,AI Engineer
7.25,4,3,5,5,1,2,4,4,3,3,4,3,1,3,5,3,2,2,1,4,4,AI Engineer
7.05,4,2,4,4,3,2,5,4,4,3,2,4,3,5,4,3,3,0,0,1,5,AI Engineer
8.61,4,1,5,4,2,1,4,3,2,1,5,2,2,1,2,5,2,0,0,4,4,AI Engineer
8.79,4,2,4,5,2,3,2,1,3,4,4,5,2,3,5,3,2,2,1,2,4,AI Engineer
6.92,4,2,5,4,2,4,2,3,2,2,3,5,5,2,3,3,4,0,1,5,4,AI Engineer
5.67,4,1,5,5,1,1,3,5,2,4,2,5,1,1,5,1,1,3,0,4,5,AI Engineer
9.8,5,3,4,4,1,4,4,3,4,5,5,3,5,2,3,2,1,4,0,5,5,AI Engineer
9.01,4,3,5,5,1,5,3,2,3,2,2,1,3,3,5,5,1,5,0,5,4,AI Engineer
5.91,5,5,5,5,1,2,4,2,1,1,5,3,3,2,4,3,5,0,1,3,5,AI Engineer
9.83,5,2,4,4,3,2,3,2,3,5,5,1,3,4,1,3,3,4,1,5,4,AI Engineer
6.57,4,5,5,5,2,1,3,2,2,3,5,2,4,2,5,5,4,4,1,4,4,AI Engineer
8.28,5,5,4,5,2,1,2,4,4,5,5,4,4,4,2,4,3,0,0,1,5,AI Engineer
8.69,5,2,5,5,4,3,3,4,5,4,5,3,1,3,3,2,2,5,0,2,4,AI Engineer
9.75,4,3,4,4,4,3,3,3,1,4,4,5,5,5,3,4,3,2,0,1,4,AI Engineer
7.34,5,1,5,4,2,4,3,4,1,1,5,5,3,2,4,3,5,3,1,2,5,AI Engineer
9.64,4,4,4,5,1,4,5,5,2,3,5,1,5,2,2,3,5,2,1,1,5,AI Engineer
9.59,5,4,5,5,4,1,2,2,4,1,2,1,1,1,5,1,5,2,1,3,4,AI Engineer
6.1,4,2,4,4,3,5,3,3,1,1,1,2,4,2,4,4,3,1,1,2,5,AI Engineer
7.99,4,4,5,4,2,4,4,5,1,5,3,2,3,4,5,5,5,5,1,2,5,AI Engineer
8.0,5,3,5,5,3,3,5,5,1,4,1,5,2,5,4,5,4,1,0,5,5,AI Engineer
7.77,5,2,4,4,4,2,2,4,2,3,3,2,5,4,3,5,2,1,0,3,4,AI Engineer
6.09,4,5,4,4,1,4,5,1,4,2,1,3,1,1,4,2,3,3,1,2,4,AI Engineer
8.98,4,2,4,4,4,1,1,5,4,3,4,1,1,4,4,1,3,3,0,3,5,AI Engineer
7.64,4,3,4,4,2,2,1,5,4,2,5,1,3,5,5,3,5,0,1,4,5,AI Engineer
8.6,4,2,4,5,5,1,3,2,4,4,5,4,2,2,4,2,5,3,0,2,4,AI Engineer
7.5,4,3,5,5,2,1,2,1,4,3,1,4,1,1,3,5,5,4,0,2,5,AI Engineer
6.22,4,1,4,4,5,5,1,3,4,2,5,4,3,2,2,5,1,5,0,1,4,AI Engineer
7.19,5,4,5,4,3,4,5,1,1,1,1,3,4,2,3,3,2,5,1,1,4,AI Engineer
7.94,4,2,5,4,5,2,5,4,4,3,2,4,3,3,5,5,3,1,1,4,4,AI Engineer
9.54,4,5,4,5,2,5,4,5,4,3,5,4,3,2,4,2,2,0,1,3,5,AI Engineer
6.05,5,1,4,4,2,4,4,4,1,4,5,2,3,5,5,4,1,2,0,4,5,AI Engineer
6.29,4,3,4,4,2,3,4,4,2,1,2,3,4,2,1,2,5,0,0,2,5,AI Engineer
9.38,4,3,4,5,5,5,1,1,2,3,5,2,3,2,5,1,1,4,0,5,5,AI Engineer
9.18,4,5,5,4,3,1,1,3,1,4,5,1,4,2,4,5,4,3,1,2,5,AI Engineer
9.46,5,3,5,4,2,1,3,2,4,4,2,4,5,5,5,1,2,1,0,4,4,AI Engineer
8.9,4,5,5,5,5,4,4,1,1,5,4,2,1,5,4,4,2,0,1,4,4,AI Engineer
6.52,5,3,4,4,1,3,3,4,2,4,2,3,3,4,5,4,2,4,1,1,5,AI Engineer
7.93,5,1,4,5,2,3,2,3,2,4,2,2,1,2,1,5,1,4,0,2,4,AI Engineer
8.23,4,3,5,5,5,5,2,5,2,4,1,4,5,4,4,4,5,5,1,5,5,AI Engineer
6.75,4,4,4,5,5,3,2,2,1,2,3,2,5,1,3,1,3,5,1,5,5,AI Engineer
6.69,5,5,4,5,5,4,4,4,2,5,4,5,3,3,4,5,5,3,0,4,4,AI Engineer
7.37,5,5,4,4,5,2,2,5,5,5,2,5,5,4,1,3,1,2,0,5,4,AI Engineer
9.3,4,4,5,5,1,5,4,5,2,5,2,5,1,1,1,1,1,4,1,4,5,AI Engineer
6.65,4,4,4,4,3,1,1,4,5,3,5,4,1,5,5,1,3,1,1,2,5,AI Engineer
5.97,5,4,4,5,3,3,4,3,3,2,5,5,2,4,1,1,1,0,0,4,4,AI Engineer
6.05,4,2,4,4,5,4,4,3,2,5,5,4,2,3,2,1,2,5,1,1,5,AI Engineer
7.44,5,4,4,5,3,1,5,3,2,1,4,1,2,5,5,5,4,3,1,1,5,AI Engineer
8.89,4,2,4,5,5,4,3,2,3,4,5,3,5,5,1,3,3,0,1,4,4,AI Engineer
8.1,4,1,5,4,3,1,4,3,2,2,3,1,2,5,3,3,2,0,1,5,4,AI Engineer
7.99,5,1,5,4,5,1,4,3,3,3,5,2,4,5,4,4,2,5,1,2,5,AI Engineer
7.26,5,4,4,4,4,1,4,5,3,5,2,4,4,2,2,3,4,4,1,5,4,AI Engineer
5.85,5,5,4,4,5,4,1,1,2,4,1,3,4,3,3,1,4,5,1,5,4,AI Engineer
8.37,4,1,4,4,1,4,5,2,2,3,5,3,1,5,1,3,5,3,1,3,5,AI Engineer
9.34,5,4,4,4,2,5,4,2,4,2,3,1,1,4,1,4,4,1,0,5,5,AI Engineer
8.46,4,3,5,5,2,1,5,4,1,5,4,3,4,2,2,3,1,3,0,4,4,AI Engineer
8.97,4,5,4,5,4,1,5,2,5,2,5,3,2,5,1,3,3,5,0,2,5,AI Engineer
7.07,5,2,4,4,1,5,5,2,4,2,3,1,1,1,2,2,1,0,0,2,5,AI Engineer
8.49,5,5,4,4,3,2,3,3,1,5,4,2,4,4,5,4,4,0,1,2,4,AI Engineer
8.02,5,3,5,5,2,4,3,4,1,3,2,3,3,5,3,3,4,3,1,1,5,AI Engineer
9.07,5,2,4,4,4,2,3,5,3,3,2,3,1,4,1,5,4,3,0,5,5,AI Engineer
9.09,5,3,4,5,5,5,5,2,4,4,2,3,3,5,1,3,1,5,1,3,5,AI Engineer
6.44,5,5,5,5,2,3,4,4,1,3,2,4,4,1,5,2,3,5,0,3,5,AI Engineer
6.6,5,3,4,5,1,3,2,2,3,1,1,5,4,3,3,3,1,3,1,2,5,AI Engineer
6.96,5,1,4,4,2,1,5,3,1,5,5,4,4,4,1,1,3,3,0,1,5,AI Engineer
8.43,4,2,5,5,3,3,3,4,1,1,2,1,3,3,3,2,3,5,0,3,4,AI Engineer
9.83,5,3,4,5,5,4,1,1,1,4,1,3,5,3,1,3,1,0,0,4,5,AI Engineer
9.34,4,4,5,4,2,5,5,5,4,5,3,4,1,5,5,1,5,0,0,1,4,AI Engineer
5.79,4,1,4,5,4,5,5,3,4,1,5,3,4,4,4,4,4,0,1,5,5,AI Engineer
9.78,5,2,4,5,4,2,3,3,4,2,1,1,5,5,1,3,3,1,0,1,5,AI Engineer
8.16,4,4,4,4,2,5,5,1,2,3,1,1,5,1,1,1,5,4,1,1,4,AI Engineer
9.43,4,5,5,4,4,3,4,5,5,5,4,5,1,5,2,4,2,4,1,3,4,AI Engineer
5.51,4,2,5,4,1,4,2,5,3,4,4,1,1,4,2,3,1,5,0,1,4,AI Engineer
8.55,4,2,4,4,1,4,3,4,3,5,2,5,3,2,1,1,4,1,0,3,4,AI Engineer
8.1,5,1,5,4,3,2,4,3,5,1,5,2,4,4,2,3,3,1,0,5,4,AI Engineer
7.44,5,4,4,4,2,4,5,4,5,1,1,4,3,5,2,4,2,2,1,2,4,AI Engineer
5.82,5,2,5,4,1,4,1,5,2,5,3,3,3,5,4,2,3,5,0,1,5,AI Engineer
7.36,4,2,4,5,5,5,2,4,5,3,4,2,4,1,1,5,5,2,1,3,5,AI Engineer
5.64,4,1,5,4,5,5,3,3,3,2,2,5,3,2,1,5,4,5,1,5,4,AI Engineer
7.95,4,2,4,5,3,5,1,3,4,2,1,2,3,5,5,4,5,0,1,5,5,AI Engineer
6.52,5,4,5,5,4,5,1,4,1,2,4,1,3,3,2,4,4,2,0,2,4,AI Engineer
6.86,4,3,4,4,2,1,3,5,3,2,4,3,4,5,3,1,4,3,1,3,4,AI Engineer
6.84,5,5,5,5,5,3,3,2,2,5,4,2,1,3,1,3,3,2,0,3,4,AI Engineer
5.9,4,1,5,4,5,5,5,4,1,1,4,3,2,1,2,4,3,5,0,3,5,AI Engineer
9.14,5,3,4,4,1,2,2,4,4,2,2,2,5,4,2,3,3,4,1,2,4,AI Engineer
9.29,5,3,4,5,1,1,1,2,2,4,4,4,2,2,4,4,5,0,0,5,5,AI Engineer
7.84,5,2,4,5,1,4,1,1,1,2,5,2,2,1,2,1,5,4,0,2,4,AI Engineer
9.69,4,3,4,5,4,4,2,3,5,3,1,4,3,5,1,2,2,0,0,3,4,AI Engineer
9.3,4,5,4,5,4,3,1,4,1,1,5,4,3,3,4,5,2,1,0,5,5,AI Engineer
7.23,4,1,5,4,5,2,5,5,4,2,1,1,3,1,4,5,5,0,0,2,5,AI Engineer
9.69,5,4,5,4,1,4,5,4,3,3,5,1,1,2,5,4,5,3,1,3,4,AI Engineer
9.6,5,3,4,4,1,4,4,5,3,1,4,2,4,2,1,4,4,1,1,1,5,AI Engineer
6.09,4,1,5,4,5,1,1,2,4,1,4,3,5,4,5,4,3,3,0,5,5,AI Engineer
9.02,5,3,4,4,5,2,2,4,5,4,4,2,4,2,1,5,4,0,1,5,5,AI Engineer
5.84,4,2,4,5,1,2,3,5,3,3,5,5,4,4,3,3,1,0,0,3,5,AI Engineer
6.81,5,1,5,5,4,4,1,3,1,2,3,2,5,2,5,5,2,3,0,1,4,AI Engineer
7.56,5,3,4,5,1,3,5,2,3,4,4,1,4,3,4,3,2,2,1,5,4,AI Engineer
7.57,4,4,4,4,3,5,2,1,3,3,5,2,2,5,2,4,1,1,0,2,4,AI Engineer
9.82,4,5,4,5,5,4,4,2,3,5,2,4,2,3,5,3,1,1,1,5,4,AI Engineer
5.5,5,1,4,5,1,3,4,4,5,3,3,1,3,2,1,2,5,3,0,3,4,AI Engineer
7.11,4,2,5,4,4,2,3,3,1,1,5,2,1,1,2,5,1,3,0,2,5,AI Engineer
7.46,5,3,4,5,4,2,5,5,4,2,4,2,4,5,5,1,3,2,0,3,5,AI Engineer
8.36,4,1,4,5,5,4,2,5,2,4,3,2,1,1,5,4,5,2,1,2,4,AI Engineer
8.94,5,1,5,5,5,4,3,3,4,4,4,3,4,1,5,5,2,0,0,1,4,AI Engineer
8.71,4,5,4,4,3,2,2,3,2,1,1,3,2,1,1,4,4,2,0,1,4,AI Engineer
8.02,5,1,4,4,3,1,2,5,1,1,2,3,1,5,1,5,4,0,0,1,4,AI Engineer
8.66,4,3,4,5,4,2,1,3,3,4,3,2,1,2,5,4,3,3,1,5,4,AI Engineer
7.9,5,5,5,4,4,3,3,2,1,4,4,4,2,3,1,5,3,2,0,1,4,AI Engineer
8.33,4,4,5,4,5,3,4,1,1,5,1,4,5,3,1,2,1,3,1,4,4,AI Engineer
5.75,4,5,5,5,2,2,1,1,2,5,2,1,2,2,5,4,1,3,0,5,5,AI Engineer
7.4,4,2,5,4,3,2,4,2,2,3,3,5,4,3,1,4,4,2,0,4,4,AI Engineer
7.99,4,1,4,5,3,4,3,4,2,5,4,1,3,2,1,2,5,4,1,3,4,AI Engineer
9.47,5,5,5,5,1,5,4,1,1,4,3,1,2,4,1,5,2,2,1,4,5,AI Engineer
8.49,4,4,5,5,1,4,4,5,3,1,3,2,3,4,1,3,1,1,1,3,5,AI Engineer
6.42,4,5,4,5,3,5,2,3,2,1,3,2,2,2,3,4,3,0,0,4,5,AI Engineer
7.29,5,1,4,4,3,1,1,4,4,1,5,1,2,3,5,2,5,5,0,3,5,AI Engineer
9.25,4,4,5,5,3,2,1,5,4,5,3,4,4,1,3,2,1,3,1,4,4,AI Engineer
6.22,4,2,4,5,4,3,3,4,5,1,4,4,4,3,2,1,5,4,0,2,5,AI Engineer
9.43,4,1,5,4,1,1,5,5,1,3,5,3,1,5,2,1,4,4,0,5,5,AI Engineer
7.48,4,4,5,5,5,2,5,4,2,1,1,3,2,3,2,2,4,5,0,5,4,AI Engineer
6.45,4,5,5,4,1,3,3,2,2,1,5,2,2,3,5,1,2,2,1,3,4,AI Engineer
8.63,4,1,4,4,2,1,3,2,1,5,1,1,1,3,1,3,5,4,1,5,4,AI Engineer
6.5,4,1,5,5,1,3,4,3,1,5,3,3,2,1,5,3,3,1,1,1,4,AI Engineer
9.12,4,4,4,5,1,1,5,2,2,5,5,4,5,3,2,5,3,2,1,2,5,AI Engineer
7.18,5,4,5,4,3,3,3,2,1,1,4,4,2,5,1,4,1,2,0,4,5,AI Engineer
8.88,4,3,5,5,3,4,1,4,5,2,1,3,5,2,4,2,5,1,1,1,5,AI Engineer
6.88,5,5,5,5,4,2,4,3,1,2,2,2,4,3,2,2,1,4,0,3,4,AI Engineer
6.69,5,4,4,4,5,3,4,2,5,4,4,2,5,4,4,1,4,5,0,5,4,AI Engineer
6.69,5,2,4,5,5,5,2,2,3,1,5,3,4,4,3,5,3,4,0,3,4,AI Engineer
9.99,4,3,5,4,3,5,3,3,4,5,3,2,1,4,3,2,3,2,0,5,4,AI Engineer
7.31,4,3,5,5,2,5,3,1,4,3,3,2,4,5,3,5,3,2,0,4,5,AI Engineer
9.37,4,5,4,5,2,3,5,4,5,1,3,1,1,2,3,1,4,1,1,1,5,AI Engineer
5.69,5,4,5,5,3,3,4,4,3,4,2,5,5,2,5,1,2,1,0,1,4,AI Engineer
8.17,5,1,4,4,3,5,3,3,5,1,3,3,4,5,2,1,1,2,1,4,4,AI Engineer
5.78,5,1,4,4,3,3,2,2,4,2,2,3,4,2,2,4,5,3,1,5,5,AI Engineer
6.25,5,2,5,5,4,5,5,4,5,2,4,2,2,3,4,5,2,3,1,3,5,AI Engineer
8.31,5,1,4,4,2,1,5,1,2,3,4,1,2,5,1,1,4,3,1,1,5,AI Engineer
7.62,5,4,5,4,2,4,3,1,5,5,1,1,5,3,5,1,4,0,0,4,5,AI Engineer
6.53,5,3,5,4,5,2,5,1,3,2,3,3,4,1,3,5,5,0,0,3,4,AI Engineer
6.49,4,5,4,4,2,1,4,4,5,1,4,1,1,5,1,2,2,5,0,2,5,AI Engineer
8.24,5,1,4,5,5,2,2,1,5,2,5,2,5,3,5,5,1,2,1,3,4,AI Engineer
9.6,4,1,4,5,1,4,3,3,2,1,4,1,5,1,1,3,4,1,1,5,5,AI Engineer
7.26,5,2,4,5,5,2,5,5,3,1,1,3,3,3,1,5,3,2,0,3,4,AI Engineer
8.37,5,5,4,5,4,2,1,3,4,2,5,4,2,1,1,4,4,2,0,3,5,AI Engineer
7.03,5,1,5,5,4,4,3,1,4,5,1,2,3,2,2,1,2,2,1,1,5,AI Engineer
6.3,4,3,4,5,5,4,2,2,2,4,4,4,1,1,2,3,2,4,0,2,4,AI Engineer
9.2,5,5,4,5,4,1,5,1,2,5,1,3,4,4,3,2,5,4,1,5,5,AI Engineer
8.46,4,4,5,5,5,5,2,5,5,5,3,5,5,5,1,3,2,2,1,2,4,AI Engineer
8.46,4,3,4,5,4,2,1,2,5,2,4,1,4,1,5,1,1,3,1,4,5,AI Engineer
9.54,5,1,5,4,1,1,5,3,5,5,3,5,1,5,3,4,5,0,1,3,4,AI Engineer
7.89,5,3,4,5,4,1,1,5,4,3,3,4,3,1,3,3,4,1,0,5,5,AI Engineer
9.25,5,1,5,4,5,5,5,5,3,4,4,5,2,4,5,2,3,4,0,1,3,ML Engineer
9.81,5,5,5,3,2,3,4,5,5,5,4,2,3,5,5,2,5,4,1,4,3,ML Engineer
6.63,5,2,5,3,3,5,3,5,1,4,4,1,1,3,5,3,1,1,0,2,1,ML Engineer
9.96,5,2,5,3,1,3,4,4,5,5,4,1,4,2,5,1,2,2,0,4,4,ML Engineer
7.03,4,2,5,3,3,5,5,3,1,2,4,1,2,2,3,3,1,0,0,3,4,ML Engineer
8.12,5,4,5,5,4,3,4,3,3,3,4,4,5,3,1,5,1,5,0,4,3,ML Engineer
5.93,4,2,5,4,4,3,4,3,3,4,4,3,5,2,5,5,3,3,1,5,4,ML Engineer
7.06,4,5,5,2,5,4,3,4,4,4,4,1,3,3,4,1,4,1,1,2,5,ML Engineer
6.2,5,5,5,2,5,5,4,4,4,3,2,3,1,5,5,3,5,5,0,5,2,ML Engineer
8.28,5,3,5,4,2,5,5,4,1,3,4,1,4,5,2,2,2,0,1,5,3,ML Engineer
9.91,4,3,5,3,1,3,4,4,4,4,4,1,5,2,4,2,1,2,0,5,3,ML Engineer
6.63,5,2,5,3,1,5,3,4,2,4,1,4,2,1,2,1,2,5,1,5,1,ML Engineer
8.53,5,2,5,4,5,4,3,5,5,2,5,2,2,2,4,4,5,3,1,3,2,ML Engineer
9.55,4,4,5,3,5,5,3,4,4,5,3,4,1,5,5,4,1,0,1,1,5,ML Engineer
5.97,5,5,4,1,4,3,3,5,4,3,5,1,5,1,2,5,5,3,0,3,3,ML Engineer
6.92,4,3,4,3,1,5,3,3,1,2,5,4,5,3,1,3,4,2,0,3,5,ML Engineer
9.12,4,3,4,5,4,3,5,3,5,5,3,3,4,2,2,3,2,2,1,3,3,ML Engineer
9.25,4,3,5,2,3,4,4,4,2,4,1,3,3,4,3,5,4,2,1,3,2,ML Engineer
7.02,4,5,4,5,1,4,4,3,1,2,3,4,1,5,2,4,3,2,0,5,5,ML Engineer
7.6,4,3,5,5,5,4,5,3,3,5,4,2,1,2,1,2,1,0,1,3,4,ML Engineer
7.86,5,1,4,5,4,5,5,4,4,3,2,4,1,2,1,5,3,1,1,3,4,ML Engineer
8.55,5,5,4,3,3,5,3,5,2,1,4,3,2,4,4,4,2,5,0,2,4,ML Engineer
6.06,4,3,5,2,5,3,4,5,2,5,4,3,1,5,4,5,1,1,1,2,5,ML Engineer
8.4,5,2,5,5,2,4,4,5,2,3,4,3,2,4,1,2,5,4,1,2,3,ML Engineer
7.6,4,3,5,1,2,3,5,5,2,5,3,2,3,2,5,3,3,0,0,3,4,ML Engineer
5.73,5,2,5,4,3,3,3,3,5,3,1,4,5,5,1,2,1,5,0,5,3,ML Engineer
6.99,5,4,4,1,4,5,5,3,1,3,5,3,1,2,5,3,4,5,1,1,1,ML Engineer
6.99,4,4,4,2,3,5,4,3,5,1,4,2,2,2,2,5,2,0,1,4,4,ML Engineer
8.32,4,5,5,1,1,3,3,4,2,4,4,4,4,3,1,3,4,2,0,3,5,ML Engineer
9.81,5,4,4,4,5,5,3,3,5,1,1,1,3,3,3,5,3,2,1,3,5,ML Engineer
7.62,4,3,5,2,4,3,3,3,5,5,1,5,2,5,5,1,4,2,0,4,2,ML Engineer
6.32,5,5,4,3,2,3,4,3,1,3,2,1,4,5,5,3,1,1,1,1,3,ML Engineer
8.1,5,3,5,3,1,3,5,5,1,2,4,2,2,1,5,5,5,0,1,2,5,ML Engineer
8.75,5,4,4,5,1,4,4,5,1,2,4,1,3,1,4,5,5,1,1,1,4,ML Engineer
9.17,5,1,4,1,5,5,4,4,5,2,5,4,5,4,5,2,4,3,1,5,2,ML Engineer
7.35,5,5,4,2,4,4,5,3,2,1,5,2,4,2,3,2,3,4,0,5,2,ML Engineer
7.29,4,4,4,1,3,5,4,4,1,3,2,4,4,3,2,1,5,3,0,1,4,ML Engineer
6.73,4,1,4,2,3,3,3,3,3,5,3,2,5,3,3,4,3,5,1,2,5,ML Engineer
8.84,4,5,4,1,3,5,5,3,3,2,5,1,2,4,5,1,3,5,1,3,3,ML Engineer
8.69,4,1,4,4,2,4,5,4,2,4,3,5,1,2,5,4,1,5,0,4,5,ML Engineer
7.11,5,5,4,3,2,5,4,3,5,4,5,5,5,3,5,2,2,0,0,2,2,ML Engineer
5.71,5,5,4,4,3,4,4,3,5,2,1,2,1,3,4,2,5,3,0,2,1,ML Engineer
8.75,5,2,4,3,3,3,5,3,1,4,4,2,2,2,1,5,2,0,0,4,4,ML Engineer
8.54,5,2,4,4,3,5,4,5,1,4,1,4,2,3,5,5,2,1,0,2,3,ML Engineer
6.56,4,1,5,3,1,3,4,4,3,4,5,3,1,2,2,1,2,2,1,4,3,ML Engineer
8.53,5,4,5,3,2,5,4,3,5,5,5,1,3,1,3,5,5,5,1,3,3,ML Engineer
5.56,5,1,5,3,4,4,3,3,5,4,3,2,2,2,5,1,5,3,0,4,2,ML Engineer
6.2,5,1,4,5,4,4,4,5,4,5,3,1,5,5,2,2,1,4,1,3,2,ML Engineer
7.65,5,1,5,1,3,3,4,3,1,1,5,4,2,2,2,4,5,2,0,3,5,ML Engineer
9.85,4,4,5,3,2,5,4,3,2,5,1,4,2,1,3,2,1,1,0,4,1,ML Engineer
6.41,5,1,5,1,4,3,4,3,1,5,2,2,3,5,5,2,5,5,1,1,1,ML Engineer
8.78,5,1,5,5,4,3,4,4,3,4,1,5,3,4,5,3,2,3,0,5,2,ML Engineer
6.68,5,1,4,3,1,4,3,4,1,3,3,1,2,3,4,4,5,0,1,5,3,ML Engineer
8.85,5,5,4,4,1,4,4,4,1,2,1,5,4,3,4,4,5,0,0,1,2,ML Engineer
6.85,4,4,5,5,4,4,5,4,1,5,1,4,2,4,4,3,3,1,1,1,5,ML Engineer
7.04,4,4,4,3,5,3,3,3,3,5,3,5,3,5,3,3,2,4,1,5,4,ML Engineer
8.36,5,5,4,3,2,5,5,3,4,4,2,1,2,2,1,1,3,4,1,1,2,ML Engineer
8.2,5,4,5,5,3,5,4,3,2,2,5,3,3,1,4,1,2,4,1,2,5,ML Engineer
9.16,5,2,5,5,4,5,3,4,1,2,5,4,4,2,2,1,3,3,0,2,4,ML Engineer
7.83,5,4,5,4,4,4,3,5,1,4,2,2,2,1,3,2,1,4,0,1,3,ML Engineer
8.74,5,5,5,4,3,3,3,5,2,5,4,5,2,4,1,3,2,0,0,2,2,ML Engineer
8.65,5,3,5,3,1,5,4,4,1,2,1,5,2,5,3,5,3,3,1,3,2,ML Engineer
8.88,4,5,4,4,2,3,4,4,4,4,1,5,5,5,3,2,4,1,0,4,4,ML Engineer
9.3,4,1,5,3,4,5,4,3,5,5,5,5,1,3,5,3,5,3,1,3,4,ML Engineer
5.65,4,1,4,5,4,5,3,3,2,2,5,2,5,2,3,2,4,3,1,5,1,ML Engineer
9.68,5,3,4,2,4,5,5,4,1,4,2,4,5,3,1,5,5,1,0,1,5,ML Engineer
8.44,5,5,4,4,2,4,4,3,2,2,1,2,1,3,3,3,2,1,0,4,5,ML Engineer
8.49,5,4,4,1,3,4,3,4,4,2,1,5,3,4,4,4,3,5,1,1,3,ML Engineer
9.99,5,4,5,5,4,5,5,3,1,2,5,5,3,5,2,4,4,3,0,4,5,ML Engineer
5.54,4,5,5,2,1,3,3,4,2,2,3,4,3,5,1,4,1,4,1,3,2,ML Engineer
5.86,4,5,4,3,4,4,3,5,1,5,3,1,4,2,4,2,1,0,0,2,1,ML Engineer
9.75,4,4,4,5,2,3,3,4,1,1,5,3,2,5,3,1,3,5,0,4,4,ML Engineer
6.66,4,3,4,5,1,4,4,5,2,3,3,2,2,3,4,1,1,3,1,5,2,ML Engineer
8.62,4,1,5,5,4,4,4,3,4,5,1,4,3,5,2,2,1,0,0,2,5,ML Engineer
8.97,4,1,4,4,5,5,5,4,5,4,4,1,5,1,5,1,2,2,0,1,1,ML Engineer
7.8,4,3,5,5,2,4,3,5,2,4,3,1,3,1,3,3,2,1,1,3,4,ML Engineer
9.5,4,1,5,1,4,5,3,4,2,2,4,4,2,2,2,4,2,1,0,4,5,ML Engineer
8.72,4,2,4,2,4,4,5,4,3,3,2,3,3,5,4,5,1,3,0,2,2,ML Engineer
8.72,5,1,5,5,3,4,5,3,3,3,4,1,5,3,4,1,5,3,1,3,5,ML Engineer
8.4,5,1,5,1,5,3,5,5,4,3,3,2,3,3,3,4,2,3,1,1,3,ML Engineer
5.74,4,2,4,1,5,3,4,4,2,3,5,2,2,4,2,3,3,0,0,5,4,ML Engineer
6.32,5,4,5,5,3,5,5,3,4,1,4,1,5,5,1,4,1,3,0,2,2,ML Engineer
9.21,5,2,5,4,2,3,4,5,4,2,5,1,3,5,4,5,5,5,0,5,3,ML Engineer
6.01,4,5,5,2,5,4,5,5,5,5,2,3,4,3,5,4,3,2,1,2,5,ML Engineer
6.5,4,3,5,3,1,4,3,3,1,1,3,4,3,3,2,2,4,5,1,2,3,ML Engineer
7.42,5,4,4,5,1,5,3,3,5,2,5,5,5,2,4,2,5,3,1,5,2,ML Engineer
6.13,5,3,4,2,3,5,4,4,5,5,3,5,4,2,2,1,5,4,1,3,5,ML Engineer
8.89,5,5,5,5,4,5,3,3,1,1,3,5,2,5,3,1,3,5,1,4,4,ML Engineer
9.52,5,2,5,1,5,4,4,5,2,4,1,5,3,5,2,5,2,1,1,1,3,ML Engineer
5.75,5,1,5,1,5,5,5,3,3,3,4,5,2,5,1,2,3,4,1,4,1,ML Engineer
6.55,4,3,4,3,5,4,3,3,3,2,2,1,2,2,3,3,4,0,1,3,1,ML Engineer
9.76,4,5,5,4,5,3,3,3,4,1,1,2,3,1,5,3,3,1,0,4,4,ML Engineer
6.24,4,4,5,2,5,5,4,5,1,1,5,2,4,3,1,3,2,0,1,2,5,ML Engineer
5.98,4,4,5,4,3,4,4,3,2,2,3,1,5,5,2,1,1,2,0,5,2,ML Engineer
9.6,4,5,5,2,2,4,3,3,3,3,3,2,2,5,2,2,2,4,1,1,2,ML Engineer
6.45,4,5,4,2,4,4,4,3,1,2,1,3,2,4,5,3,2,3,0,1,4,ML Engineer
7.3,5,5,5,3,1,5,3,5,4,4,2,2,5,5,2,2,4,2,1,4,1,ML Engineer
8.89,4,2,5,5,3,4,3,4,2,4,1,4,2,3,2,2,2,5,0,3,5,ML Engineer
6.56,4,1,5,3,4,3,5,3,3,3,3,2,3,3,2,2,5,1,0,5,4,ML Engineer
9.45,5,2,5,5,5,3,3,5,5,4,1,3,1,3,2,2,5,0,0,2,4,ML Engineer
7.66,4,2,4,3,1,4,5,3,5,2,2,4,3,3,2,1,5,0,0,2,1,ML Engineer
6.49,4,3,4,2,3,4,3,3,1,3,3,2,1,4,4,5,3,3,1,1,5,ML Engineer
8.53,5,2,5,5,3,5,4,4,5,3,4,2,1,3,2,1,3,4,1,4,5,ML Engineer
9.36,4,1,4,3,2,5,4,5,1,1,5,3,2,3,4,4,4,1,0,3,2,ML Engineer
9.71,5,1,4,3,5,5,4,5,2,1,5,3,4,4,3,1,2,3,0,4,2,ML Engineer
8.5,4,5,4,4,5,5,3,3,2,1,2,1,1,3,1,1,3,4,1,5,4,ML Engineer
9.83,4,1,4,4,5,4,5,4,2,4,4,2,4,4,5,5,2,3,1,5,2,ML Engineer
7.51,5,3,4,4,1,5,4,3,2,1,2,4,2,5,4,3,2,1,0,2,5,ML Engineer
8.12,4,3,5,2,5,5,4,3,5,2,1,2,1,1,5,1,3,0,0,5,1,ML Engineer
7.0,5,3,5,5,5,5,4,3,4,3,1,5,2,3,4,1,1,3,1,2,5,ML Engineer
5.84,4,1,5,5,2,5,5,3,2,2,3,5,2,1,4,2,5,4,0,3,4,ML Engineer
9.65,4,1,4,3,4,5,4,3,4,3,3,3,1,4,3,4,3,1,1,2,5,ML Engineer
6.38,4,2,4,2,3,5,3,5,3,5,3,5,2,2,2,3,1,3,1,4,4,ML Engineer
8.76,4,3,5,5,4,4,5,3,5,5,4,4,1,1,3,3,5,3,0,1,5,ML Engineer
6.76,5,4,5,5,2,3,3,4,4,4,1,3,3,2,5,2,3,0,0,2,3,ML Engineer
9.8,4,2,4,4,5,3,4,4,2,2,4,2,5,5,4,3,4,3,0,5,2,ML Engineer
7.84,5,4,5,2,4,5,5,5,1,4,5,3,4,2,2,4,3,1,0,5,2,ML Engineer
9.52,4,2,4,3,2,3,5,5,1,4,4,1,3,3,2,4,3,4,0,2,2,ML Engineer
9.96,5,2,4,2,4,3,3,4,5,3,2,1,2,5,1,2,2,1,0,3,5,ML Engineer
9.3,4,1,5,4,1,4,4,5,2,2,1,3,2,5,4,2,1,3,0,5,3,ML Engineer
8.76,4,1,5,3,4,3,4,3,1,4,5,1,1,4,1,5,5,5,1,3,3,ML Engineer
8.58,5,1,5,1,1,5,4,3,4,2,1,1,1,1,3,4,5,2,0,5,1,ML Engineer
7.57,4,3,4,4,5,5,3,5,5,3,4,3,2,2,1,1,2,5,1,3,5,ML Engineer
7.6,4,4,5,3,1,3,5,3,5,1,3,1,5,5,5,5,2,0,1,5,5,ML Engineer
5.63,5,2,5,4,3,3,4,5,4,3,4,2,5,1,3,5,2,2,0,3,5,ML Engineer
7.36,5,4,5,1,1,3,4,4,2,2,4,3,4,3,2,1,5,4,0,4,2,ML Engineer
6.31,4,4,4,4,5,4,4,4,5,3,4,3,5,2,2,3,1,2,1,1,4,ML Engineer
9.99,5,3,4,2,1,3,5,5,3,2,3,4,2,5,4,3,3,0,1,1,5,ML Engineer
6.49,5,4,4,1,4,4,4,5,2,5,3,3,2,4,3,1,1,2,1,3,1,ML Engineer
6.57,5,1,4,1,5,5,4,3,1,4,3,4,4,4,1,5,3,0,1,5,5,ML Engineer
9.1,5,3,4,4,3,4,4,5,5,5,1,5,4,4,3,5,5,4,1,5,2,ML Engineer
5.54,5,3,5,3,4,5,3,3,5,5,4,1,1,1,1,3,2,0,0,3,3,ML Engineer
7.85,4,1,4,1,5,4,5,3,5,1,5,1,2,5,4,4,4,3,0,4,3,ML Engineer
7.39,5,4,4,4,3,5,4,3,2,4,2,2,1,3,5,1,5,3,0,4,1,ML Engineer
6.86,5,4,5,5,3,5,5,5,1,4,3,1,1,2,2,2,3,2,0,1,3,ML Engineer
5.89,5,1,4,5,2,5,5,5,2,1,4,4,2,4,3,4,2,0,0,5,1,ML Engineer
8.5,5,1,5,4,2,3,4,4,3,5,4,4,2,1,2,2,2,1,0,2,1,ML Engineer
7.85,4,1,4,1,3,5,3,5,5,5,4,4,4,2,1,1,4,5,1,2,5,ML Engineer
8.23,4,1,5,3,3,4,4,5,1,2,2,4,5,3,3,4,2,4,1,2,2,ML Engineer
9.11,5,5,5,2,2,3,3,3,1,2,1,1,1,4,5,3,4,1,1,2,3,ML Engineer
7.47,5,3,4,1,3,3,3,4,5,1,2,5,5,1,2,4,4,1,1,2,3,ML Engineer
8.03,4,2,4,2,3,3,4,4,1,5,2,1,2,5,1,4,3,0,0,2,5,ML Engineer
7.83,5,1,5,5,1,3,4,4,5,2,1,5,2,4,4,5,2,3,0,3,1,ML Engineer
8.22,5,2,4,2,2,3,4,4,4,4,5,4,2,1,2,4,1,2,1,2,5,ML Engineer
6.06,4,5,4,1,1,4,4,3,4,2,3,5,3,1,1,2,5,4,0,5,1,ML Engineer
5.73,5,5,5,4,4,3,4,3,1,4,2,2,3,2,2,2,2,0,0,4,1,ML Engineer
5.9,4,3,5,3,5,5,3,3,5,2,1,2,2,2,2,1,3,4,1,2,5,ML Engineer
7.31,5,3,5,5,3,3,5,3,1,3,2,2,1,4,5,1,2,3,1,1,3,ML Engineer
7.42,5,2,4,4,5,3,5,3,2,4,3,2,3,4,5,1,3,4,1,2,3,ML Engineer
7.65,5,2,4,2,1,5,3,5,3,3,4,1,4,1,3,1,5,3,0,2,1,ML Engineer
6.81,5,4,5,5,4,3,4,5,3,5,5,1,4,4,1,5,2,2,1,4,3,ML Engineer
6.08,5,4,4,2,2,5,4,3,1,5,4,1,1,5,3,2,1,2,0,5,5,ML Engineer
7.93,4,1,5,4,2,4,3,3,4,2,1,4,3,5,1,4,1,4,0,3,1,ML Engineer
9.26,4,5,4,5,1,3,5,5,1,2,3,2,1,1,3,1,3,1,0,5,5,ML Engineer
7.08,4,4,5,3,1,3,5,4,2,3,5,1,5,4,3,3,4,4,0,3,5,ML Engineer
9.36,4,4,5,4,3,3,3,3,4,1,5,4,3,4,2,4,5,4,1,5,3,ML Engineer
7.78,5,4,5,1,1,3,4,5,5,1,3,3,1,2,1,2,1,0,1,2,1,ML Engineer
6.78,4,3,4,3,1,4,3,5,2,5,1,4,1,1,2,1,4,5,0,3,2,ML Engineer
8.44,5,4,5,4,4,5,5,5,2,5,5,2,1,4,5,4,2,2,1,2,1,ML Engineer
5.63,5,3,5,3,5,4,4,3,4,1,2,5,4,5,5,4,3,1,1,5,4,ML Engineer
6.75,4,2,4,3,1,4,3,4,5,2,3,3,1,5,4,2,1,5,1,3,2,ML Engineer
5.85,5,2,4,3,4,4,4,4,2,2,2,4,5,3,1,3,5,3,0,1,4,ML Engineer
6.59,4,5,4,2,3,3,3,4,2,4,4,2,5,1,4,4,5,4,0,4,3,ML Engineer
9.65,4,3,4,1,2,4,5,3,4,1,5,3,2,3,2,2,1,1,0,1,1,ML Engineer
7.47,5,1,5,1,4,3,4,3,1,1,4,3,1,5,3,4,5,2,0,4,2,ML Engineer
6.0,5,5,5,2,1,5,5,5,1,3,2,1,2,4,2,3,5,5,1,2,3,ML Engineer
7.91,5,1,5,2,3,5,3,4,4,2,5,5,1,3,3,1,5,0,1,4,5,ML Engineer
6.36,5,4,4,2,2,3,3,5,4,5,1,1,1,1,2,5,3,1,1,2,5,ML Engineer
7.77,5,5,4,1,1,4,3,3,3,1,3,4,3,5,2,2,1,0,1,1,1,ML Engineer
8.51,5,1,4,4,1,3,4,5,1,3,4,5,2,1,1,4,1,3,1,2,3,ML Engineer
9.16,5,4,5,3,5,5,3,5,5,2,4,3,4,1,3,4,4,5,1,5,2,ML Engineer
7.81,4,3,5,5,1,3,3,5,2,1,4,3,2,1,5,2,2,5,0,1,5,ML Engineer
6.38,4,3,4,3,2,4,4,4,2,5,1,1,3,4,5,3,1,5,0,5,1,ML Engineer
9.29,4,3,5,5,4,4,3,4,1,3,2,3,1,1,2,1,4,1,1,2,3,ML Engineer
8.13,5,1,5,4,5,4,3,5,3,5,4,2,3,4,3,5,1,2,1,3,2,ML Engineer
6.35,4,4,4,4,3,3,3,3,1,3,5,2,3,4,1,3,3,3,0,4,3,ML Engineer
5.66,4,2,4,1,3,5,5,5,5,5,3,5,2,1,2,3,3,4,1,2,4,ML Engineer
7.32,5,1,5,4,1,4,5,3,3,1,1,5,5,1,1,5,4,4,1,3,1,ML Engineer
5.54,4,4,4,5,5,3,3,3,5,3,5,4,5,5,4,2,5,2,1,4,2,ML Engineer
8.51,5,1,5,2,2,3,3,4,2,1,1,4,5,5,2,2,4,3,1,2,5,ML Engineer
5.75,5,2,5,3,2,3,3,3,5,2,5,3,1,3,1,5,4,2,1,1,2,ML Engineer
6.36,4,2,4,1,4,3,4,4,3,3,2,2,4,1,5,5,1,1,0,4,2,ML Engineer
9.2,5,4,4,1,4,5,4,3,4,1,2,4,3,4,5,3,3,5,0,5,1,ML Engineer
5.51,5,5,4,5,3,4,4,3,1,5,3,2,1,2,1,3,5,0,0,1,4,ML Engineer
6.76,5,2,5,1,1,3,5,3,3,4,5,4,1,5,3,1,5,2,1,2,5,ML Engineer
8.61,5,1,5,2,5,3,3,3,1,2,3,5,3,2,5,5,3,0,1,2,4,ML Engineer
7.47,4,1,4,2,2,4,5,5,5,3,1,1,4,4,5,5,5,4,0,1,4,ML Engineer
8.3,4,3,4,2,2,5,5,5,5,3,2,4,2,2,1,5,5,4,0,1,1,ML Engineer
7.88,4,3,4,1,4,4,3,3,4,1,3,3,4,3,1,1,3,2,0,3,5,ML Engineer
9.99,5,3,5,3,1,5,4,3,2,5,3,2,2,5,5,5,3,4,1,3,4,ML Engineer
8.05,4,3,5,4,3,5,3,4,5,5,2,3,3,4,4,5,2,1,1,3,1,ML Engineer
7.5,5,1,4,1,4,3,5,5,4,1,2,5,1,5,2,2,4,3,1,5,2,ML Engineer
8.71,5,1,5,5,1,3,5,5,3,2,3,5,3,5,5,2,2,0,0,1,2,ML Engineer
7.7,4,1,5,3,5,3,3,5,2,3,3,4,1,3,4,1,4,2,1,5,5,ML Engineer
9.94,5,4,5,2,4,3,3,5,1,1,3,4,2,1,1,5,3,4,0,4,5,ML Engineer
5.82,5,3,5,3,3,3,4,4,4,1,4,2,4,5,1,3,5,1,0,2,2,ML Engineer
7.35,5,2,4,3,2,5,5,5,2,1,4,3,3,5,2,2,5,2,1,5,3,ML Engineer
5.75,4,4,5,2,2,4,4,4,3,1,3,1,2,5,2,4,4,1,0,4,1,ML Engineer
7.56,5,3,4,2,5,4,5,3,3,4,5,3,4,5,1,4,5,0,1,4,3,ML Engineer
9.02,5,5,4,4,3,5,4,5,1,1,1,5,2,5,3,5,4,4,0,4,1,ML Engineer
5.86,4,2,3,5,4,4,4,5,5,4,1,3,5,5,5,2,1,2,0,4,3,Data Scientist
9.57,4,5,5,4,5,4,3,2,4,3,2,4,5,4,4,5,4,4,1,4,2,Data Scientist
5.65,4,3,5,3,5,4,3,5,1,1,1,5,1,2,5,5,5,1,0,2,5,Data Scientist
6.89,4,5,4,5,5,5,2,2,1,2,2,3,3,4,1,2,4,1,0,5,3,Data Scientist
7.05,5,5,5,3,5,4,4,1,5,4,3,4,2,2,4,5,2,0,1,1,4,Data Scientist
9.11,4,5,5,5,4,4,4,2,3,2,1,5,1,5,3,2,2,4,0,4,3,Data Scientist
6.71,4,5,4,1,4,5,1,3,1,1,4,5,4,1,3,4,5,1,1,3,4,Data Scientist
8.34,5,1,5,3,4,5,4,2,2,3,2,1,2,2,5,1,2,3,1,3,5,Data Scientist
9.69,5,1,4,4,5,4,3,1,2,4,5,4,5,2,3,5,3,0,0,3,1,Data Scientist
7.48,5,4,3,3,5,5,2,3,1,2,4,2,2,5,2,2,3,0,1,3,2,Data Scientist
6.99,4,1,4,5,4,5,1,4,1,5,3,2,1,5,4,3,2,1,0,1,4,Data Scientist
7.64,4,5,5,5,4,4,2,5,2,5,3,2,1,5,2,3,3,3,1,5,3,Data Scientist
7.9,4,3,3,2,5,5,3,5,3,2,1,1,1,1,3,3,5,4,1,3,3,Data Scientist
9.11,5,1,4,3,5,4,1,3,3,5,5,2,4,1,1,5,5,2,0,4,1,Data Scientist
6.11,4,5,4,3,5,5,1,2,5,5,2,5,2,1,1,1,2,1,0,2,2,Data Scientist
9.91,4,4,4,3,4,4,5,2,5,2,5,2,5,3,1,2,3,4,0,4,4,Data Scientist
8.93,4,5,3,5,4,4,4,2,3,1,2,2,2,5,5,3,5,2,1,4,5,Data Scientist
7.26,5,4,3,1,5,4,1,5,3,2,4,4,3,2,4,4,5,3,1,4,2,Data Scientist
7.04,5,1,3,2,5,5,1,5,1,2,5,1,3,2,3,3,5,5,0,5,2,Data Scientist
5.84,5,4,3,5,5,5,4,2,3,5,2,2,1,5,2,1,5,4,1,4,2,Data Scientist
6.3,4,3,3,2,5,5,2,3,2,4,3,1,3,2,4,3,4,2,1,3,3,Data Scientist
6.43,4,4,3,4,5,4,5,2,2,5,4,3,1,2,5,1,2,5,0,5,3,Data Scientist
7.6,5,5,4,4,4,4,1,4,3,3,1,5,5,3,1,1,1,4,0,4,2,Data Scientist
8.67,4,3,5,5,5,4,2,3,2,2,2,3,3,3,3,2,5,3,1,1,4,Data Scientist
9.23,4,1,3,3,5,4,3,4,3,1,3,4,3,5,5,5,2,3,1,4,4,Data Scientist
7.1,5,4,4,1,5,5,4,3,3,4,2,4,4,3,1,3,5,4,1,5,5,Data Scientist
9.59,4,3,3,5,4,5,3,5,1,4,5,3,4,3,4,3,5,5,0,2,4,Data Scientist
6.67,5,1,5,5,5,4,2,3,1,5,5,1,3,5,5,3,3,3,1,1,1,Data Scientist
6.77,5,2,4,2,5,5,5,5,4,1,4,5,3,4,5,5,1,3,1,5,3,Data Scientist
9.15,4,1,3,2,5,5,1,1,1,3,4,3,2,5,3,3,5,0,1,5,5,Data Scientist
9.86,5,2,3,4,5,4,5,2,3,4,5,5,3,4,5,5,2,0,0,3,2,Data Scientist
7.26,5,1,4,1,4,5,2,4,5,4,5,4,2,4,1,4,5,4,1,1,5,Data Scientist
8.18,4,4,3,5,5,5,5,2,4,2,4,3,5,1,5,4,1,3,1,4,4,Data Scientist
7.68,5,3,4,4,4,5,2,3,2,5,3,5,2,4,5,1,4,4,1,4,5,Data Scientist
6.91,4,1,4,5,4,4,4,3,4,5,3,5,3,3,5,1,1,3,1,1,1,Data Scientist
5.51,4,1,5,1,4,5,4,1,5,5,1,2,2,3,4,2,3,4,0,2,2,Data Scientist
5.96,5,3,5,4,5,4,5,1,4,2,3,2,5,1,5,3,3,3,0,4,1,Data Scientist
7.77,5,5,4,5,5,5,1,2,5,1,4,2,4,5,3,4,3,2,0,2,3,Data Scientist
7.48,5,5,5,3,4,5,3,5,4,3,2,3,5,2,3,4,2,3,1,4,2,Data Scientist
6.46,5,3,3,4,5,5,3,3,1,2,4,3,4,5,2,1,4,1,0,4,1,Data Scientist
5.55,5,4,4,4,5,5,4,1,2,1,1,4,5,5,3,3,5,1,1,1,2,Data Scientist
7.42,5,4,4,1,4,5,5,2,4,1,4,4,4,3,1,1,4,1,0,1,4,Data Scientist
6.29,4,2,3,3,4,4,4,3,2,5,3,4,1,4,4,3,5,1,1,4,1,Data Scientist
8.24,4,2,5,4,4,4,4,1,4,2,3,5,1,5,5,5,1,4,1,1,4,Data Scientist
6.68,5,5,4,4,5,4,4,2,5,5,5,3,5,2,3,5,3,5,1,4,5,Data Scientist
5.76,4,4,5,1,5,4,5,3,4,4,2,4,5,1,2,4,5,5,1,4,4,Data Scientist
7.06,5,4,4,5,4,4,5,5,1,5,3,4,3,2,5,5,5,0,0,4,4,Data Scientist
7.09,5,2,4,2,4,5,2,2,1,5,2,5,1,5,1,1,4,4,1,4,5,Data Scientist
7.39,4,2,5,3,4,4,4,5,5,2,3,5,4,2,5,3,2,3,1,1,3,Data Scientist
7.0,4,1,3,1,5,4,4,1,4,4,2,3,4,4,1,1,1,4,1,1,5,Data Scientist
7.14,4,2,3,3,4,4,1,2,2,2,2,1,1,5,4,1,5,4,1,3,4,Data Scientist
8.27,4,1,4,3,4,5,4,2,2,4,5,1,2,4,4,4,1,0,1,3,1,Data Scientist
6.87,4,2,4,1,4,4,5,5,4,2,2,5,2,2,4,3,1,2,1,5,5,Data Scientist
8.99,5,4,4,1,4,4,1,1,4,4,4,5,4,5,3,1,1,0,0,1,3,Data Scientist
5.55,5,5,3,3,4,5,3,5,4,4,4,5,5,5,1,5,4,3,0,3,4,Data Scientist
6.63,4,1,4,1,4,4,1,1,1,3,1,1,5,3,3,1,3,0,0,2,1,Data Scientist
9.42,5,1,3,4,5,5,4,2,2,3,1,5,4,2,5,2,1,3,1,3,2,Data Scientist
9.93,4,4,5,3,5,4,4,4,2,2,2,3,2,1,5,2,3,5,1,5,2,Data Scientist
8.99,4,3,3,2,5,4,5,5,3,3,2,4,1,1,5,5,2,3,1,2,5,Data Scientist
8.8,4,5,4,2,5,5,5,1,4,4,1,3,4,2,4,3,2,0,0,5,4,Data Scientist
9.69,5,4,3,5,5,4,1,3,4,3,3,4,2,5,1,5,1,4,0,5,1,Data Scientist
8.13,5,4,3,4,5,5,4,1,3,2,2,5,3,2,4,2,2,1,1,4,1,Data Scientist
6.27,4,2,3,1,4,5,2,2,4,1,4,5,4,3,5,2,5,5,0,1,5,Data Scientist
8.01,4,3,3,2,4,5,3,1,5,5,4,5,4,3,1,5,4,5,1,3,1,Data Scientist
9.09,5,1,3,1,5,5,3,5,5,1,5,1,1,4,4,4,2,4,1,3,1,Data Scientist
5.92,4,2,5,3,5,5,2,3,3,3,4,5,2,1,1,5,3,3,1,4,3,Data Scientist
7.92,4,3,5,1,4,5,3,3,3,4,3,4,3,1,1,2,3,2,1,5,4,Data Scientist
8.81,5,3,5,4,4,4,3,4,5,2,4,5,5,5,1,3,4,2,1,4,3,Data Scientist
6.87,4,3,5,4,4,5,3,2,1,3,3,5,5,2,2,2,5,5,0,2,4,Data Scientist
5.84,4,5,3,5,4,5,1,4,5,4,4,2,4,2,5,5,2,0,1,4,1,Data Scientist
8.51,4,1,4,1,5,5,3,5,2,2,4,1,3,4,5,3,1,4,0,3,4,Data Scientist
5.95,4,4,3,3,5,4,2,3,3,1,3,2,1,3,3,5,1,0,1,3,5,Data Scientist
6.28,5,3,3,1,4,5,3,3,4,1,1,5,3,3,2,1,2,5,1,3,4,Data Scientist
9.26,5,3,5,1,5,4,4,3,2,2,5,2,4,2,5,4,2,3,1,2,1,Data Scientist
9.65,5,1,5,2,4,5,5,2,2,5,5,5,1,3,1,3,1,4,1,1,3,Data Scientist
8.59,5,1,4,5,5,5,4,1,1,4,1,1,2,5,5,5,3,2,0,4,1,Data Scientist
7.83,5,1,3,4,4,5,4,2,4,2,5,2,4,3,1,1,3,4,1,2,1,Data Scientist
8.09,4,5,3,1,4,4,5,4,1,4,3,4,5,4,2,1,5,3,1,4,2,Data Scientist
5.84,5,4,5,4,4,4,3,5,4,5,5,5,5,1,4,3,5,1,0,4,1,Data Scientist
6.76,4,1,4,3,5,4,5,4,4,5,5,4,3,5,1,2,3,4,1,3,4,Data Scientist
7.82,4,2,4,3,5,5,3,5,2,1,1,5,3,4,2,5,2,1,1,4,1,Data Scientist
6.95,5,4,3,4,4,4,2,5,1,1,2,2,4,5,5,3,3,3,0,3,5,Data Scientist
8.35,4,4,3,4,5,4,5,2,2,4,3,1,3,3,2,2,2,0,0,3,5,Data Scientist
6.74,4,4,4,4,4,4,4,2,1,2,2,4,1,3,2,1,3,1,0,2,5,Data Scientist
8.59,5,2,4,2,5,5,1,3,5,5,2,2,4,3,4,5,2,5,1,2,2,Data Scientist
7.29,5,3,3,4,5,4,5,2,5,1,5,2,4,3,4,2,2,4,0,2,5,Data Scientist
7.32,5,5,5,1,4,5,3,1,5,5,3,3,3,1,3,4,5,2,0,1,2,Data Scientist
8.6,4,5,3,5,4,4,2,3,1,2,2,4,2,5,3,1,5,1,0,5,2,Data Scientist
6.79,5,2,5,4,5,4,2,5,1,2,4,3,3,1,1,2,5,3,1,2,5,Data Scientist
7.27,4,3,4,5,5,5,4,3,4,2,5,1,4,1,4,4,5,2,0,5,3,Data Scientist
7.36,5,3,5,2,4,4,3,3,4,4,3,3,1,1,5,4,4,2,0,2,1,Data Scientist
7.76,5,2,4,1,4,5,2,5,5,3,4,4,1,3,4,5,5,5,1,1,2,Data Scientist
6.67,4,4,3,4,5,4,4,5,3,2,3,5,1,3,4,4,4,4,1,4,1,Data Scientist
8.47,4,5,3,4,4,4,2,4,3,4,4,3,2,1,1,1,1,5,1,5,1,Data Scientist
8.77,5,5,3,3,5,4,3,2,1,5,3,3,2,4,5,4,3,0,0,2,3,Data Scientist
5.69,4,4,3,4,4,4,1,1,1,1,4,5,2,5,1,4,4,3,0,1,4,Data Scientist
6.11,4,1,5,1,4,5,2,5,4,2,3,1,4,2,3,2,5,0,1,1,4,Data Scientist
7.57,5,5,4,5,4,4,2,2,4,1,1,2,4,1,5,2,5,3,1,4,5,Data Scientist
9.05,4,2,4,4,4,4,5,1,1,3,1,2,4,1,2,5,4,0,1,3,2,Data Scientist
7.67,5,1,4,1,5,5,1,5,5,5,5,3,4,2,2,1,3,5,1,5,5,Data Scientist
5.9,5,2,3,2,5,4,5,2,4,5,4,2,3,4,2,4,5,0,1,2,3,Data Scientist
9.24,5,4,5,2,5,4,2,1,4,4,1,3,1,2,2,4,1,4,0,4,1,Data Scientist
6.87,4,1,5,3,4,5,2,1,1,4,4,1,1,2,4,2,1,4,0,1,1,Data Scientist
8.55,5,5,3,2,4,4,2,1,2,3,2,4,2,4,4,3,2,3,0,4,5,Data Scientist
9.06,4,2,5,4,4,4,5,2,2,5,5,2,3,2,3,3,2,2,0,2,1,Data Scientist
9.29,4,4,3,4,5,4,3,1,3,1,2,5,4,1,1,1,2,1,0,2,5,Data Scientist
8.59,5,3,4,1,5,5,4,1,3,4,1,3,2,3,3,5,5,3,1,5,3,Data Scientist
8.87,5,5,4,3,5,4,1,3,2,5,1,2,4,3,3,5,1,3,1,2,3,Data Scientist
7.84,5,3,3,5,5,5,3,4,1,5,4,3,5,5,4,4,2,0,1,1,3,Data Scientist
9.2,5,4,5,2,4,4,5,4,5,4,2,3,3,5,5,2,4,2,0,5,1,Data Scientist
6.41,4,2,3,4,4,4,4,3,1,4,4,4,1,3,4,1,2,2,0,3,1,Data Scientist
6.71,5,4,3,1,5,5,2,1,1,5,3,3,1,2,1,2,3,1,1,2,5,Data Scientist
5.59,4,1,4,2,5,5,1,4,4,4,1,4,2,5,5,4,5,0,1,3,5,Data Scientist
9.5,5,5,5,4,5,4,3,1,1,1,3,4,5,2,4,3,3,0,1,4,5,Data Scientist
7.32,4,1,5,5,4,4,2,2,3,2,3,2,4,1,4,3,3,1,1,1,2,Data Scientist
6.34,5,4,3,3,4,5,5,5,3,3,3,2,3,3,3,4,3,4,1,1,4,Data Scientist
8.75,4,5,3,5,5,4,1,5,2,2,3,5,5,5,5,5,2,4,0,4,1,Data Scientist
6.37,4,3,5,3,4,5,4,3,5,2,1,1,3,4,2,5,4,3,1,4,5,Data Scientist
9.85,4,1,5,2,4,5,5,4,2,2,4,1,2,3,3,1,4,3,1,5,3,Data Scientist
8.71,4,5,3,2,4,5,4,3,2,3,5,2,5,1,3,4,2,2,1,4,3,Data Scientist
7.12,4,2,4,1,4,5,1,5,4,3,3,5,4,2,5,3,4,3,1,2,2,Data Scientist
8.82,5,5,4,2,5,5,5,2,4,4,2,1,1,5,1,5,3,2,1,3,2,Data Scientist
5.86,4,1,3,4,5,5,1,1,4,5,2,4,2,5,2,3,4,0,0,5,5,Data Scientist
7.38,5,2,4,1,5,5,2,4,1,4,3,1,4,1,3,5,2,3,0,2,1,Data Scientist
8.84,5,1,4,1,5,4,4,5,4,1,1,4,3,3,3,2,5,5,1,3,3,Data Scientist
5.72,4,5,3,5,5,4,4,4,5,1,5,2,5,4,4,2,2,2,1,2,1,Data Scientist
7.4,5,3,3,2,5,5,4,3,2,1,4,5,5,1,4,4,4,0,1,4,1,Data Scientist
5.87,4,2,4,1,5,5,3,3,2,4,5,4,4,3,5,1,3,3,0,3,3,Data Scientist
8.8,5,5,4,3,5,4,3,1,1,1,2,4,3,5,1,2,2,2,0,2,3,Data Scientist
7.17,5,5,3,3,4,4,2,2,1,3,3,3,2,1,4,3,3,0,0,1,5,Data Scientist
8.63,4,3,4,2,5,5,5,2,2,2,3,4,1,4,5,3,3,4,0,3,5,Data Scientist
8.16,5,1,4,4,4,5,1,5,1,2,1,5,1,1,1,5,1,2,1,1,4,Data Scientist
8.68,4,2,4,3,4,4,5,5,5,4,2,4,5,4,5,1,1,5,0,4,3,Data Scientist
7.66,5,4,4,1,5,4,5,1,3,5,4,3,3,3,4,4,3,5,1,3,4,Data Scientist
8.06,5,1,5,4,4,5,2,2,3,2,4,5,3,4,4,4,1,1,1,3,2,Data Scientist
5.54,5,1,4,3,5,5,3,5,3,2,1,1,5,3,4,4,4,3,0,5,2,Data Scientist
6.37,5,2,4,5,4,4,3,1,5,5,3,4,4,1,4,4,4,1,0,1,5,Data Scientist
7.11,4,4,3,5,5,5,4,4,1,1,3,1,4,3,1,2,5,1,1,4,2,Data Scientist
6.47,4,1,4,3,5,5,2,3,2,1,4,5,4,4,4,2,2,1,1,1,4,Data Scientist
8.72,4,1,5,1,5,5,5,1,4,3,4,3,4,4,1,1,3,0,0,2,5,Data Scientist
9.66,4,4,3,2,4,4,3,5,5,4,4,4,1,4,2,4,2,5,1,1,5,Data Scientist
5.79,5,1,4,3,4,5,2,1,2,1,4,4,2,2,1,2,5,5,0,3,2,Data Scientist
9.33,4,4,4,5,5,4,3,2,1,1,3,5,3,4,3,1,5,4,1,3,1,Data Scientist
5.7,4,1,4,1,4,5,2,4,5,1,1,2,5,5,3,5,5,4,1,3,4,Data Scientist
7.34,5,1,5,1,5,5,3,1,5,5,4,3,5,4,5,4,2,4,0,3,4,Data Scientist
7.67,5,2,4,4,5,4,2,5,1,5,5,3,1,5,2,1,2,0,0,3,1,Data Scientist
8.94,5,2,5,4,4,4,3,2,4,5,3,2,1,3,3,5,3,0,1,2,5,Data Scientist
8.75,4,3,3,4,5,5,2,1,4,1,3,5,1,5,3,5,3,3,1,2,4,Data Scientist
9.08,4,1,3,1,5,4,4,2,2,2,2,5,1,5,3,5,5,0,0,5,4,Data Scientist
6.1,4,1,3,2,4,4,2,3,2,5,2,2,2,1,4,2,2,2,1,2,1,Data Scientist
9.25,5,2,4,3,4,5,3,4,3,3,4,1,2,5,2,5,5,2,1,4,5,Data Scientist
7.12,4,2,5,1,4,4,2,4,4,4,4,5,1,4,5,5,5,3,0,1,1,Data Scientist
8.43,5,4,5,2,5,4,4,2,2,4,5,4,1,2,3,2,1,0,0,2,3,Data Scientist
9.39,4,5,5,2,4,5,2,5,1,3,2,3,1,2,3,3,2,2,1,3,5,Data Scientist
9.92,4,4,4,3,4,4,1,3,5,2,2,2,4,2,2,5,3,3,1,4,1,Data Scientist
9.51,5,3,4,1,5,4,2,3,4,4,4,2,4,1,5,4,5,1,1,4,2,Data Scientist
9.58,4,5,5,3,4,4,1,1,3,5,3,3,3,1,4,1,2,2,1,1,1,Data Scientist
7.95,4,1,5,4,4,4,2,1,2,5,4,5,2,5,2,4,4,1,0,3,3,Data Scientist
8.05,5,4,5,3,5,4,4,4,5,4,4,4,4,3,3,2,4,0,0,1,1,Data Scientist
9.74,5,1,3,5,4,5,5,2,2,2,4,1,5,2,1,1,4,0,0,4,5,Data Scientist
5.65,4,2,5,1,4,5,4,3,2,2,2,4,2,4,3,1,5,1,1,1,5,Data Scientist
6.98,5,5,4,2,4,4,1,5,1,4,5,3,3,4,5,3,4,5,1,1,5,Data Scientist
9.86,4,3,3,2,5,4,3,2,1,4,3,5,4,1,4,5,4,2,0,5,3,Data Scientist
8.86,4,5,4,5,5,5,4,2,1,2,3,3,2,4,5,2,2,3,0,5,4,Data Scientist
9.94,4,1,3,1,5,5,1,5,4,3,4,2,3,5,3,5,2,1,1,4,1,Data Scientist
8.11,4,5,5,2,5,5,2,2,2,4,5,3,5,1,3,1,4,5,1,3,2,Data Scientist
8.52,5,2,3,4,5,5,4,4,5,3,5,2,2,4,4,5,5,2,0,2,1,Data Scientist
9.56,5,5,4,4,5,4,5,5,3,1,1,5,2,3,1,5,2,5,0,1,5,Data Scientist
8.63,5,2,5,1,4,5,3,5,3,3,5,3,2,3,3,5,1,5,1,5,3,Data Scientist
6.53,4,1,4,1,5,4,5,1,1,3,1,5,3,1,3,4,3,5,0,5,5,Data Scientist
9.53,5,4,5,5,5,5,4,3,2,2,3,4,5,2,2,4,2,2,0,5,5,Data Scientist
6.52,4,2,5,1,4,5,1,1,2,4,4,2,2,3,4,1,2,4,0,2,5,Data Scientist
9.11,4,2,5,1,4,4,3,1,2,1,2,5,5,1,1,2,2,4,1,2,3,Data Scientist
8.95,4,4,5,1,4,4,2,2,2,3,2,3,3,2,2,4,4,5,1,3,1,Data Scientist
9.76,4,1,4,1,5,4,3,4,4,3,2,2,2,4,3,3,3,5,0,5,5,Data Scientist
9.92,4,2,4,2,5,5,4,1,3,5,4,4,2,4,2,2,3,4,0,2,2,Data Scientist
8.6,4,4,4,3,5,4,2,5,5,4,2,3,4,5,5,1,2,4,0,5,4,Data Scientist
9.31,5,2,3,4,4,5,1,5,3,1,3,3,2,4,5,3,5,1,0,1,1,Data Scientist
7.89,5,3,5,5,4,5,4,4,1,5,2,1,1,1,2,4,5,1,0,1,5,Data Scientist
6.85,4,3,3,2,4,5,1,5,4,4,4,4,4,2,5,1,4,2,0,3,5,Data Scientist
6.76,4,2,5,3,4,5,1,4,5,2,4,5,1,4,5,4,1,0,0,5,2,Data Scientist
8.1,4,2,4,4,5,5,5,5,1,2,5,3,2,1,4,5,3,3,0,2,4,Data Scientist
10.0,4,4,3,1,5,4,3,3,2,2,3,5,4,4,3,4,5,0,0,3,4,Data Scientist
8.59,4,2,5,3,4,5,4,2,4,5,2,5,3,2,4,4,2,4,1,2,2,Data Scientist
6.05,4,2,3,5,4,4,2,1,1,5,4,1,5,2,5,4,5,1,1,4,1,Data Scientist
9.41,5,2,4,1,5,4,2,1,3,4,3,3,2,1,5,2,4,5,1,4,3,Data Scientist
7.76,5,4,5,4,4,5,5,5,1,5,4,4,3,2,2,1,5,1,0,5,3,Data Scientist
9.77,4,1,4,3,5,4,3,4,2,5,1,3,2,1,1,4,2,1,0,5,4,Data Scientist
8.92,5,3,4,5,4,4,1,4,5,2,1,1,3,2,2,4,1,0,1,4,2,Data Scientist
7.12,5,5,4,5,4,5,3,5,1,4,4,5,4,3,2,1,5,5,0,2,5,Data Scientist
8.63,5,5,5,3,5,4,1,2,2,3,1,3,2,1,5,2,2,0,0,3,5,Data Scientist
6.72,5,1,3,4,4,5,5,5,4,2,4,1,5,3,4,3,3,4,0,1,2,Data Scientist
7.73,5,4,3,1,4,4,4,3,1,4,2,3,1,5,1,1,2,5,1,2,5,Data Scientist
6.9,4,4,4,4,4,4,5,5,3,3,2,1,3,2,4,5,5,1,1,5,4,Data Scientist
8.69,4,3,3,3,4,4,3,4,1,1,5,2,1,4,4,5,4,1,1,5,1,Data Scientist
9.71,5,5,4,5,4,5,1,3,1,2,4,3,4,1,3,5,2,1,1,2,1,Data Scientist
9.94,4,2,3,5,5,4,4,4,4,1,5,4,1,4,4,4,1,1,1,5,4,Data Scientist
9.96,5,2,4,2,4,4,1,1,4,5,4,5,3,3,5,4,3,2,0,1,4,Data Scientist
9.73,5,1,4,4,5,4,4,3,4,5,5,5,2,2,2,2,2,3,1,4,2,Data Scientist
5.95,4,2,3,1,5,5,3,1,5,2,4,2,5,4,3,1,5,4,0,2,5,Data Scientist
7.66,2,4,5,2,5,4,1,5,2,4,1,4,3,1,1,1,2,0,1,3,4,Data Analyst
6.48,4,5,4,4,5,5,2,3,5,3,1,1,1,5,4,5,3,4,1,3,1,Data Analyst
6.05,2,5,2,3,4,5,4,4,5,4,5,5,3,4,5,2,2,2,1,5,5,Data Analyst
9.99,3,4,4,5,5,4,2,3,1,1,5,3,5,4,2,2,5,3,0,2,5,Data Analyst
5.91,3,5,1,3,4,5,5,2,5,3,3,5,2,3,4,5,2,2,0,5,5,Data Analyst
5.7,2,5,5,4,5,4,5,2,1,1,2,2,1,4,3,3,1,4,0,3,1,Data Analyst
9.63,3,5,3,5,5,3,3,5,1,4,4,5,3,5,2,5,2,4,0,1,4,Data Analyst
9.52,2,5,1,2,4,5,5,3,5,3,1,2,2,1,1,3,1,2,0,1,2,Data Analyst
6.29,3,4,3,3,5,5,3,3,2,1,1,4,5,3,3,4,4,5,1,2,5,Data Analyst
6.39,3,5,4,1,4,4,2,5,2,3,2,4,1,3,4,1,4,4,0,3,3,Data Analyst
9.79,3,5,3,1,5,4,4,3,2,1,2,5,3,3,1,3,4,4,0,2,3,Data Analyst
7.49,2,4,2,3,4,4,3,1,5,5,2,5,5,1,3,5,2,4,1,2,1,Data Analyst
6.34,4,5,5,2,5,4,1,2,3,4,2,4,1,3,5,2,1,0,0,2,1,Data Analyst
9.7,3,5,3,2,5,4,3,5,1,3,2,3,4,3,5,3,5,5,0,1,2,Data Analyst
8.34,2,4,3,4,4,5,1,2,3,1,5,2,2,4,2,2,5,0,1,2,1,Data Analyst
6.2,3,5,3,1,4,4,2,2,2,2,1,3,4,5,4,5,5,0,1,1,1,Data Analyst
5.97,2,4,4,3,4,5,4,5,3,5,2,5,1,3,3,1,5,5,1,1,2,Data Analyst
7.45,2,5,4,5,4,5,2,3,1,5,5,5,4,5,1,5,1,0,1,1,1,Data Analyst
8.28,2,4,2,5,5,3,2,1,1,1,2,1,3,1,4,1,1,5,1,3,3,Data Analyst
9.9,4,4,4,5,4,3,4,2,4,1,1,4,5,1,1,3,1,3,0,1,5,Data Analyst
7.19,3,5,4,1,5,4,3,4,4,5,4,1,1,2,2,2,1,5,1,1,4,Data Analyst
5.85,3,5,3,3,4,3,4,4,4,4,4,2,1,3,1,3,2,4,0,4,3,Data Analyst
6.44,3,4,3,4,5,4,3,4,2,3,4,1,4,5,5,2,2,1,0,1,3,Data Analyst
7.19,3,4,1,5,4,5,3,2,5,5,1,4,2,4,1,3,4,4,0,5,2,Data Analyst
9.07,3,5,3,2,4,5,4,5,1,4,1,2,3,1,3,1,2,4,0,5,3,Data Analyst
9.15,4,5,4,4,4,3,2,1,1,1,5,3,5,5,5,3,5,1,0,2,3,Data Analyst
9.41,4,4,1,4,5,3,4,1,1,4,4,4,1,2,3,3,1,3,0,1,5,Data Analyst
7.22,4,5,1,3,5,5,2,2,4,4,3,3,2,5,3,3,5,3,0,1,5,Data Analyst
6.72,4,5,3,2,4,3,2,5,5,1,5,5,5,1,5,3,1,5,0,4,2,Data Analyst
6.7,4,4,2,1,4,3,2,5,2,4,2,4,5,1,1,2,4,2,1,2,5,Data Analyst
7.39,2,5,3,4,5,5,2,3,5,3,5,3,3,2,1,3,4,3,1,4,4,Data Analyst
6.45,3,5,1,1,4,4,2,2,4,4,3,2,3,2,1,5,5,4,0,2,1,Data Analyst
5.92,4,4,4,4,4,5,4,5,2,3,5,5,3,2,3,5,1,3,1,1,4,Data Analyst
9.95,2,4,5,3,5,4,4,5,2,4,5,1,4,5,1,5,2,4,1,2,5,Data Analyst
7.28,3,4,3,5,4,5,5,5,5,5,1,5,4,4,1,5,3,4,0,5,4,Data Analyst
7.89,4,5,3,2,5,5,1,3,3,4,4,2,5,1,1,3,1,2,0,1,5,Data Analyst
6.23,3,4,5,3,4,5,4,4,3,3,5,3,5,3,5,3,2,2,0,5,3,Data Analyst
8.32,2,5,4,4,5,3,1,3,1,1,1,4,4,3,3,3,1,1,0,4,1,Data Analyst
7.85,2,5,2,1,4,5,4,2,4,1,1,5,1,5,3,2,3,0,1,5,1,Data Analyst
6.47,4,5,2,2,4,4,1,5,5,2,2,5,2,4,1,5,1,0,0,5,1,Data Analyst
9.3,4,5,3,5,5,4,4,5,3,1,5,2,1,5,2,1,5,0,0,2,4,Data Analyst
6.82,3,5,3,5,4,5,3,3,4,4,3,4,2,4,1,1,2,5,1,5,5,Data Analyst
6.13,2,4,2,1,4,3,3,3,2,3,3,3,4,2,5,2,1,1,1,3,3,Data Analyst
7.86,3,4,4,4,5,5,3,5,3,2,2,1,4,2,2,3,3,1,1,1,5,Data Analyst
9.84,2,4,5,3,4,3,1,2,1,1,2,4,1,1,1,4,3,1,1,3,2,Data Analyst
8.52,4,4,4,3,4,5,5,5,4,4,3,4,4,1,1,2,3,5,1,5,2,Data Analyst
6.3,2,5,2,5,5,4,5,4,4,5,5,1,1,3,3,3,2,5,1,3,5,Data Analyst
6.28,4,5,1,5,4,4,4,3,2,1,1,1,5,5,2,3,5,4,1,5,1,Data Analyst
8.18,3,5,3,4,5,5,1,3,2,1,4,4,1,4,2,2,4,4,1,4,1,Data Analyst
7.09,4,4,4,3,4,3,3,5,4,2,1,3,1,4,3,1,5,4,0,5,4,Data Analyst
5.88,4,4,3,3,4,5,2,5,5,5,2,3,3,4,5,5,3,5,0,3,4,Data Analyst
7.41,4,5,4,4,4,4,1,4,4,1,2,2,4,2,1,4,1,2,0,1,1,Data Analyst
7.03,4,4,2,2,4,4,3,2,4,2,1,4,3,4,2,5,5,1,1,3,1,Data Analyst
6.16,2,4,2,4,4,4,1,2,2,1,2,3,3,4,3,3,5,0,1,5,1,Data Analyst
7.42,2,4,3,4,5,3,4,2,3,4,3,5,4,2,5,4,1,1,1,4,4,Data Analyst
8.9,2,4,5,5,5,3,4,5,4,4,1,3,2,1,2,4,1,3,0,3,5,Data Analyst
6.4,4,5,1,5,5,3,5,1,5,1,4,3,1,2,3,4,3,5,1,3,5,Data Analyst
9.59,4,4,3,2,5,4,1,4,1,2,3,2,4,4,5,2,1,3,1,1,1,Data Analyst
9.76,3,5,1,2,4,5,3,4,5,4,5,1,1,3,4,5,2,1,1,2,2,Data Analyst
8.34,2,5,2,1,4,4,1,1,1,1,3,5,4,2,1,4,3,2,1,3,4,Data Analyst
9.6,3,5,2,5,5,3,2,3,4,4,4,3,4,5,1,2,5,0,0,1,2,Data Analyst
6.55,4,5,1,1,5,4,2,4,5,2,2,2,3,4,4,2,3,5,0,4,5,Data Analyst
6.84,3,5,1,4,5,4,3,4,3,5,5,2,1,5,5,3,5,4,0,3,2,Data Analyst
8.95,4,5,3,5,4,5,1,5,2,3,1,2,5,4,1,4,2,0,1,5,2,Data Analyst
8.45,3,4,2,2,5,5,2,2,2,5,1,4,5,3,3,5,5,1,0,2,1,Data Analyst
8.64,4,4,3,4,5,3,1,2,2,3,2,4,4,1,3,2,1,3,1,2,2,Data Analyst
7.28,3,4,5,3,4,3,5,5,3,3,5,5,4,1,1,2,5,1,1,2,5,Data Analyst
6.56,3,4,5,1,4,5,2,1,3,3,5,1,5,1,4,1,2,2,1,3,3,Data Analyst
9.28,2,5,1,1,5,4,2,2,3,4,1,3,2,1,4,5,2,5,0,4,2,Data Analyst
7.47,2,5,2,4,4,3,2,2,1,3,2,2,1,1,5,4,2,2,0,4,3,Data Analyst
7.88,4,5,5,1,4,4,3,2,4,4,2,4,1,3,3,2,1,5,1,1,2,Data Analyst
8.58,2,5,1,2,4,4,2,2,4,4,5,5,3,5,5,1,2,2,0,2,4,Data Analyst
9.81,2,5,3,3,5,4,1,5,1,2,5,2,1,1,1,5,4,4,1,3,1,Data Analyst
9.69,4,4,4,1,5,4,2,1,1,5,2,1,2,1,3,1,2,3,0,5,4,Data Analyst
8.07,4,4,2,1,5,4,5,2,5,5,1,2,5,2,3,1,1,2,0,3,2,Data Analyst
8.0,3,4,5,3,5,4,4,1,1,4,5,2,3,2,3,2,5,1,1,1,4,Data Analyst
5.64,3,5,2,4,5,4,2,1,2,1,1,2,5,3,5,1,2,4,1,5,2,Data Analyst
7.44,4,5,2,3,5,5,2,1,4,5,4,3,1,2,1,2,1,3,0,3,5,Data Analyst
8.46,4,4,2,1,4,5,1,4,5,2,4,5,1,1,5,5,2,3,1,1,2,Data Analyst
8.66,2,4,2,3,4,3,3,2,5,2,5,4,2,2,1,2,1,0,0,5,5,Data Analyst
7.26,3,5,3,2,4,5,3,1,5,2,2,2,5,4,4,4,3,0,0,3,2,Data Analyst
9.25,2,4,5,3,5,3,2,2,4,4,1,2,4,3,5,4,1,2,1,4,1,Data Analyst
6.36,2,5,2,3,5,4,3,3,1,5,2,1,5,1,4,1,1,3,1,2,2,Data Analyst
9.67,2,5,5,2,5,5,4,4,2,4,3,3,5,4,5,1,3,2,1,1,3,Data Analyst
6.66,2,4,1,4,4,4,4,3,4,3,4,5,1,4,1,4,2,3,0,3,2,Data Analyst
9.39,4,5,2,2,5,3,1,2,3,4,5,1,3,3,2,5,1,2,0,5,2,Data Analyst
9.54,4,5,4,4,5,5,1,5,5,2,4,3,1,2,4,3,4,2,0,5,4,Data Analyst
9.7,4,5,3,2,4,5,5,2,4,2,2,2,1,4,2,1,1,2,1,4,3,Data Analyst
9.59,4,4,3,3,5,4,3,2,3,5,1,1,1,3,1,5,5,2,1,4,1,Data Analyst
7.4,3,4,4,5,4,4,4,1,5,4,4,1,1,3,2,4,2,4,0,3,2,Data Analyst
8.24,3,5,4,5,5,5,2,5,5,3,5,5,3,4,2,4,4,3,0,1,3,Data Analyst
8.54,4,5,1,4,5,4,5,2,3,3,1,5,4,2,2,2,3,3,1,5,2,Data Analyst
5.83,4,4,2,4,4,4,4,5,1,3,2,2,3,1,2,3,2,4,1,5,1,Data Analyst
7.25,3,4,1,2,4,5,1,5,5,4,3,5,4,1,3,3,2,4,1,2,1,Data Analyst
9.9,2,5,1,3,5,5,4,2,3,2,2,1,5,5,4,4,5,5,1,3,4,Data Analyst
9.13,4,5,3,1,5,3,4,3,2,3,2,5,5,5,1,2,4,5,1,1,1,Data Analyst
5.85,2,5,2,4,4,3,2,5,1,5,1,2,1,1,2,5,5,1,0,1,3,Data Analyst
7.89,4,4,3,2,4,3,4,3,1,2,3,3,2,2,2,1,1,1,1,3,4,Data Analyst
8.84,2,5,1,2,4,4,2,4,4,2,2,2,3,5,1,4,1,2,0,2,4,Data Analyst
6.72,4,5,3,1,4,4,4,2,3,5,2,4,1,4,5,4,5,2,1,2,4,Data Analyst
5.83,3,4,1,1,5,3,3,1,3,1,3,4,4,3,1,2,3,5,1,4,1,Data Analyst
6.06,2,5,5,3,4,5,4,1,3,2,4,3,3,3,5,5,2,2,0,5,3,Data Analyst
7.75,3,4,5,1,4,3,5,4,1,3,2,3,3,4,3,4,4,1,1,3,4,Data Analyst
9.64,2,5,5,1,4,3,4,2,1,3,3,2,2,1,4,5,3,3,0,1,2,Data Analyst
7.82,2,4,1,3,4,4,1,3,1,5,4,1,5,5,5,3,2,2,1,1,3,Data Analyst
8.01,3,4,1,2,4,3,3,3,1,4,1,2,5,3,5,3,2,4,1,5,4,Data Analyst
6.57,3,4,3,3,5,3,5,5,1,1,3,5,1,5,1,2,3,5,0,2,4,Data Analyst
5.66,4,4,3,5,4,4,4,3,3,2,4,2,1,3,2,2,1,3,1,1,2,Data Analyst
5.95,3,5,1,5,5,4,5,4,3,4,5,3,4,5,2,2,1,2,1,5,2,Data Analyst
5.9,4,4,4,3,4,5,5,2,1,5,1,2,1,3,2,2,5,2,1,2,1,Data Analyst
7.93,2,5,1,2,4,3,1,3,2,2,1,1,1,4,5,3,2,1,0,2,1,Data Analyst
7.44,4,5,5,4,5,3,1,5,5,1,1,5,5,1,1,2,2,1,0,3,1,Data Analyst
7.63,4,5,5,4,5,5,2,1,4,4,1,3,4,3,2,4,1,4,0,2,3,Data Analyst
6.47,3,5,5,1,5,3,4,1,2,4,3,3,4,5,1,1,4,1,1,4,5,Data Analyst
6.81,2,4,2,3,5,4,4,3,4,5,4,1,3,5,2,5,3,1,0,4,5,Data Analyst
8.48,4,4,1,5,4,3,1,1,1,2,2,5,4,3,4,2,2,2,0,4,4,Data Analyst
7.84,3,5,1,3,4,3,4,2,1,3,3,2,2,3,1,4,5,2,0,5,2,Data Analyst
7.73,4,5,5,4,5,4,1,4,2,5,1,5,1,4,4,3,1,2,0,3,1,Data Analyst
7.45,2,5,3,1,4,5,4,3,3,3,3,4,1,4,1,5,5,2,1,4,5,Data Analyst
8.08,2,4,3,3,4,3,1,2,3,4,1,4,3,3,3,3,4,5,0,2,4,Data Analyst
7.35,2,5,3,2,4,4,1,3,5,1,3,5,2,1,3,2,4,2,0,3,3,Data Analyst
7.6,3,5,4,2,5,4,2,1,4,2,3,2,1,5,4,3,4,3,0,4,4,Data Analyst
9.24,4,5,3,3,4,4,5,3,1,2,1,4,5,5,4,1,1,0,0,3,2,Data Analyst
7.92,3,5,4,3,5,5,5,2,2,3,1,5,1,4,3,2,1,2,1,2,1,Data Analyst
7.9,3,5,3,1,5,5,5,5,3,2,1,4,1,5,1,2,3,2,0,2,2,Data Analyst
5.67,4,4,4,3,5,5,2,3,2,5,4,1,1,3,1,4,2,4,0,4,5,Data Analyst
9.75,4,4,4,5,4,3,3,3,1,3,5,2,4,4,5,3,2,0,1,2,4,Data Analyst
8.23,2,4,5,5,5,5,2,5,2,3,3,3,4,5,1,1,3,3,1,1,3,Data Analyst
6.17,3,4,3,3,5,3,4,1,5,3,4,5,4,4,5,4,1,0,0,3,1,Data Analyst
9.05,2,4,4,4,5,5,5,5,5,3,1,5,2,5,3,2,1,1,0,5,3,Data Analyst
7.72,4,5,3,4,4,3,4,3,1,2,3,3,3,2,3,1,4,1,0,5,4,Data Analyst
9.26,3,4,1,5,5,3,4,5,4,2,5,1,4,2,5,2,1,1,0,5,3,Data Analyst
9.93,4,5,3,3,5,4,4,2,3,2,5,2,2,5,4,5,1,4,0,5,5,Data Analyst
7.35,3,5,1,1,5,5,4,2,3,3,1,5,5,1,2,3,4,2,0,3,1,Data Analyst
9.56,3,5,1,3,4,3,3,1,2,4,2,4,2,4,1,3,3,0,0,1,5,Data Analyst
8.77,2,5,4,5,4,3,4,3,3,5,4,5,1,1,3,5,1,3,0,4,1,Data Analyst
7.01,2,4,3,3,4,4,2,5,1,4,2,2,2,4,1,5,2,4,0,2,3,Data Analyst
7.06,3,4,1,4,4,4,4,1,5,3,2,2,5,3,2,5,4,1,1,4,3,Data Analyst
9.37,4,4,2,4,4,5,4,2,3,5,1,5,3,1,4,1,1,5,1,1,4,Data Analyst
9.34,3,5,4,4,4,3,5,3,2,4,5,5,5,3,4,5,5,5,1,2,3,Data Analyst
7.82,2,5,1,4,5,3,4,5,2,3,4,1,5,2,2,3,2,5,0,1,3,Data Analyst
7.72,4,4,5,3,5,4,4,2,1,1,3,4,4,5,2,2,3,4,1,5,1,Data Analyst
7.26,3,5,1,2,5,4,2,2,4,4,1,2,3,2,2,1,3,1,1,4,4,Data Analyst
6.26,4,4,3,3,5,3,5,5,4,2,2,4,2,1,5,1,1,2,1,4,4,Data Analyst
6.71,4,5,5,2,4,4,1,3,2,5,5,2,2,1,5,5,4,2,1,3,5,Data Analyst
9.69,3,5,1,2,4,3,2,2,1,1,5,5,2,2,4,4,3,5,1,5,2,Data Analyst
7.98,2,5,5,2,5,5,5,1,1,3,4,5,3,3,5,5,2,2,0,1,4,Data Analyst
9.41,3,5,2,1,5,3,4,5,2,3,3,5,1,1,3,2,1,1,0,4,1,Data Analyst
7.86,3,5,4,4,4,3,5,3,1,2,1,5,3,1,3,4,2,2,0,1,3,Data Analyst
8.28,3,5,4,5,5,4,2,3,4,4,4,1,4,4,5,1,4,4,1,4,3,Data Analyst
9.51,2,5,5,4,4,3,3,2,3,3,2,3,1,4,5,2,1,0,0,1,1,Data Analyst
6.47,2,4,5,1,5,4,1,5,1,4,1,3,5,5,5,2,2,2,0,3,1,Data Analyst
7.37,3,5,1,4,4,5,3,5,4,4,2,4,1,1,1,5,4,2,0,4,1,Data Analyst
9.5,4,5,5,4,5,3,3,4,2,2,2,5,5,4,4,4,5,3,0,4,3,Data Analyst
8.43,3,4,4,2,5,5,2,4,1,5,1,4,5,1,5,4,5,1,1,1,4,Data Analyst
8.07,2,5,1,2,4,3,3,2,4,5,5,3,4,4,3,1,4,4,1,2,4,Data Analyst
7.49,3,4,4,5,4,5,3,4,2,4,4,3,4,1,5,5,3,1,0,5,4,Data Analyst
8.21,2,5,2,2,4,3,5,5,1,5,3,4,1,4,1,3,5,0,0,1,5,Data Analyst
9.73,2,4,3,2,4,3,2,4,5,5,4,4,3,3,3,3,1,3,0,1,1,Data Analyst
8.22,2,4,1,3,4,3,1,5,1,2,2,2,4,1,2,4,2,3,0,4,4,Data Analyst
9.76,4,4,1,1,5,3,3,2,3,3,1,2,5,3,3,5,1,2,0,4,2,Data Analyst
7.1,2,5,3,3,5,4,4,3,3,2,1,2,1,3,5,5,4,5,0,4,3,Data Analyst
8.63,4,5,5,4,4,4,2,2,1,5,1,1,4,4,2,4,4,0,0,1,1,Data Analyst
7.04,3,5,4,5,4,4,1,3,2,5,2,3,5,2,4,4,1,2,1,2,5,Data Analyst
8.85,2,4,5,2,4,5,1,5,5,2,3,4,2,1,4,2,2,2,1,2,5,Data Analyst
7.04,3,5,5,3,4,3,2,2,5,4,1,1,3,1,5,4,2,0,1,2,3,Data Analyst
8.18,3,4,1,1,5,5,5,5,5,5,2,5,2,3,5,3,5,1,0,5,2,Data Analyst
7.24,2,4,3,5,4,5,5,4,3,4,2,1,1,2,5,2,1,2,0,4,4,Data Analyst
5.83,4,4,5,4,5,3,3,5,3,4,5,1,1,5,3,3,1,5,0,5,1,Data Analyst
7.91,2,4,4,2,5,5,5,4,1,1,2,4,4,4,5,3,3,2,0,5,2,Data Analyst
7.25,2,5,1,5,4,4,3,2,3,1,5,4,1,2,1,3,4,3,1,2,3,Data Analyst
6.39,3,5,3,2,5,5,3,4,5,4,4,5,2,1,4,1,3,0,0,5,2,Data Analyst
5.5,3,5,4,2,4,3,2,5,2,2,5,3,3,3,1,2,5,2,1,3,2,Data Analyst
7.66,2,4,3,2,5,3,5,4,5,5,3,1,4,1,1,1,5,0,0,1,5,Data Analyst
7.07,4,5,3,3,4,5,4,1,4,3,1,1,3,1,4,1,4,1,1,2,2,Data Analyst
6.52,2,4,2,1,5,4,1,1,2,1,3,1,5,4,2,3,4,5,1,1,4,Data Analyst
9.25,2,5,5,2,4,3,4,2,1,4,4,1,1,3,1,2,5,1,0,3,2,Data Analyst
7.63,2,4,3,5,4,4,4,4,3,1,1,4,1,1,3,3,1,5,0,5,1,Data Analyst
8.34,3,5,4,5,4,5,1,5,3,3,3,1,2,3,2,4,1,0,1,5,5,Data Analyst
6.3,3,5,3,4,5,4,2,2,3,1,2,5,4,4,2,3,4,5,0,1,2,Data Analyst
8.27,3,5,1,3,5,5,1,4,4,4,5,1,2,3,5,3,2,2,1,5,1,Data Analyst
7.72,3,4,2,5,5,4,4,1,4,1,5,2,2,1,1,5,4,1,1,1,2,Data Analyst
8.44,4,5,4,4,5,5,1,4,2,1,2,1,1,2,2,1,4,1,1,1,2,Data Analyst
7.93,4,4,5,5,5,3,1,1,3,3,2,1,5,2,4,1,3,4,0,1,4,Data Analyst
9.52,4,5,1,4,5,5,3,1,1,4,3,5,2,3,1,4,5,0,1,3,1,Data Analyst
7.87,2,5,3,2,4,3,2,5,4,4,3,1,5,1,1,2,2,5,1,4,1,Data Analyst
5.96,3,4,5,1,4,5,4,5,5,4,2,5,1,4,2,4,3,0,1,1,4,Data Analyst
7.54,2,4,4,3,4,4,4,3,2,2,1,1,5,2,1,5,4,4,0,3,5,Data Analyst
5.56,3,5,1,2,4,4,4,1,1,2,3,2,2,3,2,3,2,3,0,2,3,Data Analyst
8.59,2,5,1,5,5,5,4,3,3,5,2,2,3,1,2,4,4,0,0,4,5,Data Analyst
9.29,2,4,4,5,4,5,1,5,3,5,5,4,4,4,4,3,2,3,0,3,2,Data Analyst
6.42,2,4,5,4,5,3,1,5,1,3,2,3,1,5,4,4,5,4,0,3,1,Data Analyst
5.99,4,4,2,3,5,5,4,3,1,1,1,1,5,3,1,2,2,1,0,4,4,Data Analyst
5.52,3,5,3,1,5,3,2,4,2,3,3,2,3,1,5,3,3,5,1,5,3,Data Analyst
5.63,3,4,3,3,5,4,1,5,4,4,4,5,1,2,4,2,2,5,1,3,1,Data Analyst
6.55,4,5,3,4,5,5,2,3,2,1,2,5,5,2,2,5,2,0,1,3,1,Data Analyst
7.62,3,4,2,1,5,5,3,1,3,3,1,3,4,1,4,4,3,4,0,5,1,Data Analyst
7.07,4,4,5,5,4,5,2,1,1,1,3,2,4,5,2,2,2,1,1,1,4,Data Analyst
8.75,3,4,2,1,5,3,3,1,5,3,3,2,3,1,5,4,5,0,0,3,2,Data Analyst
6.3,4,5,4,5,5,4,4,4,1,1,2,1,3,2,3,1,2,2,1,4,4,Data Analyst
5.88,3,5,5,4,2,4,3,5,5,3,3,5,3,5,3,3,4,2,1,4,5,Data Engineer
5.7,5,5,4,2,5,1,5,2,1,4,2,4,3,5,1,5,4,2,0,3,2,Data Engineer
9.93,3,5,4,2,5,2,5,4,3,2,4,3,5,2,1,5,5,5,1,1,4,Data Engineer
6.91,4,5,2,3,1,5,4,3,5,5,5,4,4,2,4,1,3,2,1,5,1,Data Engineer
7.71,3,5,4,1,2,4,4,5,4,4,1,5,3,5,5,4,1,4,1,5,1,Data Engineer
7.98,3,4,1,3,5,3,5,4,2,2,3,4,3,5,1,2,1,4,0,5,1,Data Engineer
8.84,4,5,2,2,4,5,4,5,4,5,3,3,4,1,3,2,2,2,1,5,5,Data Engineer
8.72,4,5,5,4,1,4,3,3,3,2,4,4,4,4,2,5,5,1,1,2,5,Data Engineer
8.46,5,4,5,5,5,3,5,5,2,4,2,5,3,1,3,1,5,4,0,1,5,Data Engineer
6.52,4,5,2,4,1,3,5,2,5,1,1,3,4,1,5,5,2,1,1,5,5,Data Engineer
7.77,5,4,4,4,1,2,5,2,2,4,2,5,5,5,4,5,1,5,0,3,3,Data Engineer
6.65,4,5,1,1,3,5,3,4,1,3,2,3,4,4,1,1,2,3,1,2,1,Data Engineer
8.6,5,5,4,2,2,3,3,5,3,3,1,3,4,2,4,1,4,2,1,4,3,Data Engineer
9.95,5,4,2,4,2,3,3,4,3,3,1,5,4,3,4,3,4,4,0,5,2,Data Engineer
6.26,5,4,4,2,3,4,5,1,4,5,4,5,4,1,1,4,1,4,0,2,3,Data Engineer
7.88,5,4,2,3,1,5,4,2,3,3,2,5,4,3,5,2,1,3,0,1,5,Data Engineer
9.32,5,5,2,3,2,5,4,4,4,3,3,4,5,5,2,1,4,5,0,1,3,Data Engineer
9.2,4,5,5,5,5,1,3,5,1,4,4,4,4,1,1,4,3,2,1,5,3,Data Engineer
8.59,5,5,3,5,1,5,5,1,4,2,3,3,5,1,4,3,1,4,0,2,2,Data Engineer
6.71,4,4,3,3,4,1,3,5,4,1,3,3,3,4,4,1,5,5,1,1,2,Data Engineer
7.83,3,5,2,4,3,2,4,2,4,1,4,4,5,4,2,4,2,5,0,1,2,Data Engineer
8.22,5,5,3,5,5,2,5,3,5,2,1,5,3,1,4,1,5,4,0,5,5,Data Engineer
7.48,3,4,3,5,2,2,4,1,3,5,2,3,5,3,3,5,4,3,0,1,2,Data Engineer
6.31,4,4,4,3,1,2,4,5,4,4,5,5,5,2,1,3,3,4,1,1,2,Data Engineer
8.34,4,5,2,2,5,1,3,3,1,5,5,5,3,1,2,3,4,3,0,1,4,Data Engineer
9.92,4,4,2,3,1,2,5,4,4,5,1,3,4,5,3,1,4,4,0,3,4,Data Engineer
7.12,5,5,1,5,3,1,3,4,4,2,2,3,4,1,4,1,2,3,1,5,2,Data Engineer
9.42,4,4,3,2,1,5,4,5,1,3,5,5,3,2,5,2,2,5,0,4,1,Data Engineer
8.81,5,5,2,3,2,5,5,5,5,4,4,5,5,2,4,5,4,3,1,3,4,Data Engineer
6.57,5,5,2,2,3,5,5,2,5,1,3,4,3,1,1,4,2,1,1,1,1,Data Engineer
5.79,4,5,5,2,1,5,3,5,5,3,2,3,3,5,4,4,2,4,0,1,4,Data Engineer
5.81,3,4,1,2,4,5,5,2,1,2,4,4,4,3,3,4,5,3,1,4,4,Data Engineer
5.81,4,5,2,3,4,3,4,3,3,2,2,4,5,3,4,5,4,4,1,4,3,Data Engineer
7.8,5,5,1,1,2,5,3,3,5,1,2,4,5,4,5,5,5,3,1,3,5,Data Engineer
6.47,3,4,2,5,5,5,4,4,4,4,3,4,5,3,3,2,4,3,0,4,2,Data Engineer
7.34,5,4,5,2,1,4,5,5,2,1,5,5,3,1,3,1,2,1,1,4,2,Data Engineer
5.84,4,4,3,4,2,3,5,2,3,3,2,3,3,2,1,1,2,0,0,4,2,Data Engineer
5.72,5,5,2,3,4,3,5,1,5,3,4,3,5,5,3,1,4,2,1,2,5,Data Engineer
8.67,3,5,3,1,1,5,5,3,2,1,1,4,3,4,3,2,4,4,1,1,3,Data Engineer
9.78,3,5,1,1,1,4,5,3,4,1,2,4,3,3,5,4,4,4,0,3,3,Data Engineer
9.37,4,4,1,3,1,4,3,4,5,5,1,5,3,3,5,2,2,2,0,4,5,Data Engineer
7.83,4,5,3,2,3,2,3,2,4,3,1,5,4,4,3,2,2,2,0,2,2,Data Engineer
7.98,4,4,5,3,3,4,4,1,2,2,4,3,3,3,3,1,2,3,0,2,4,Data Engineer
6.43,5,5,1,2,4,2,4,5,3,4,2,5,3,1,2,3,4,3,0,3,5,Data Engineer
7.1,3,4,4,2,4,1,5,4,5,4,5,5,4,1,5,4,5,1,0,4,5,Data Engineer
7.92,5,4,1,3,2,2,3,5,1,3,5,5,3,3,3,3,2,1,0,3,5,Data Engineer
9.88,4,5,2,4,5,2,5,1,5,2,3,5,5,4,3,3,1,4,0,1,5,Data Engineer
8.42,4,5,3,1,2,3,3,4,5,1,3,4,4,4,4,4,5,1,1,4,4,Data Engineer
6.76,4,4,1,1,4,4,3,1,5,4,4,3,4,3,2,3,4,3,1,1,2,Data Engineer
7.83,3,4,1,5,4,4,3,4,5,4,2,5,5,2,4,3,4,0,0,3,1,Data Engineer
6.41,3,4,5,2,4,5,5,1,3,1,1,5,3,1,2,1,1,0,1,3,2,Data Engineer
6.78,5,4,3,2,3,5,5,4,3,2,3,5,5,4,1,2,1,0,1,5,2,Data Engineer
8.85,3,4,2,2,4,2,5,4,2,1,4,5,3,2,1,5,4,2,0,3,5,Data Engineer
6.77,5,4,5,5,5,4,4,3,3,2,3,3,4,3,3,3,2,1,0,1,5,Data Engineer
7.79,4,4,2,3,1,1,5,2,4,1,2,4,4,5,2,3,5,2,1,3,3,Data Engineer
7.66,4,4,2,4,5,2,5,1,2,4,3,5,4,4,3,5,2,0,0,3,1,Data Engineer
9.87,5,5,3,1,5,3,5,2,4,4,2,4,3,5,4,2,2,2,1,2,5,Data Engineer
9.85,5,5,4,4,2,4,5,3,2,1,4,4,3,2,5,2,1,0,0,4,2,Data Engineer
5.94,3,5,3,1,5,2,5,1,2,5,5,3,5,5,2,2,4,3,0,2,4,Data Engineer
5.6,3,4,1,2,5,3,3,4,3,5,1,3,4,4,2,1,4,5,1,3,3,Data Engineer
5.6,3,4,4,2,3,1,3,3,1,5,4,3,3,3,4,1,1,1,1,5,4,Data Engineer
7.93,3,4,2,5,4,5,3,4,1,4,5,4,4,3,5,3,4,4,1,1,1,Data Engineer
9.7,5,5,2,4,1,1,5,4,3,4,4,4,5,4,2,2,4,1,0,5,3,Data Engineer
8.43,4,4,5,5,4,1,4,2,3,4,3,3,4,4,5,1,5,3,0,2,2,Data Engineer
9.11,4,4,3,5,3,1,4,3,4,3,2,4,5,3,4,1,2,4,1,3,3,Data Engineer
8.32,4,5,3,2,1,3,5,5,2,3,3,4,5,2,1,2,3,1,0,2,3,Data Engineer
6.5,4,5,3,5,1,3,5,5,2,5,2,3,3,1,2,2,5,2,0,1,2,Data Engineer
9.81,4,4,2,1,5,1,4,3,3,2,2,4,5,3,4,4,4,0,1,5,5,Data Engineer
6.27,3,5,3,5,3,1,5,3,3,5,4,4,4,2,2,1,5,4,0,2,3,Data Engineer
7.78,5,5,1,2,2,2,3,5,3,1,2,5,4,1,4,4,4,1,1,3,5,Data Engineer
6.3,5,5,1,2,2,3,4,5,1,2,1,4,5,4,4,4,3,0,1,4,3,Data Engineer
8.27,5,5,5,4,2,1,4,1,2,5,1,4,5,4,4,2,5,1,1,2,4,Data Engineer
5.51,4,5,4,1,1,2,3,3,3,5,2,4,5,3,3,5,2,0,1,5,4,Data Engineer
6.71,3,5,4,5,1,3,4,1,1,5,3,3,5,2,4,5,1,2,1,2,4,Data Engineer
6.02,3,4,3,1,5,2,3,3,1,5,2,3,4,5,2,1,3,5,0,4,2,Data Engineer
5.64,5,4,3,2,4,2,3,1,5,5,2,5,4,1,2,2,5,4,1,1,4,Data Engineer
6.56,4,4,3,5,1,2,4,3,4,4,1,3,5,2,3,2,1,0,0,2,5,Data Engineer
8.26,3,5,4,3,5,5,5,4,2,2,2,5,4,1,2,1,5,4,0,2,3,Data Engineer
7.96,4,4,4,3,3,1,3,4,1,2,4,3,3,5,4,1,2,0,0,2,3,Data Engineer
7.26,4,4,5,1,4,4,3,3,5,3,5,4,3,3,1,3,4,4,1,2,4,Data Engineer
6.15,4,4,1,3,2,4,4,1,1,4,2,3,3,3,1,2,3,2,0,4,2,Data Engineer
9.32,4,5,2,5,5,5,4,5,2,2,5,4,4,3,1,1,2,5,0,2,4,Data Engineer
7.01,3,4,5,2,1,4,4,3,4,1,1,3,3,1,1,3,1,3,1,1,3,Data Engineer
9.97,4,5,5,1,1,3,3,5,2,2,5,3,5,4,3,2,5,4,1,2,4,Data Engineer
9.37,4,5,1,3,1,2,4,3,4,1,1,4,4,3,3,2,4,5,1,3,4,Data Engineer
5.8,4,5,5,5,5,4,4,1,5,1,1,4,3,2,1,5,1,5,0,2,3,Data Engineer
9.32,4,4,2,1,4,1,5,1,4,3,5,5,3,1,3,1,1,2,0,1,5,Data Engineer
9.24,3,4,5,2,2,5,5,3,1,4,4,4,5,5,5,5,1,5,1,3,2,Data Engineer
5.57,3,4,3,5,5,2,4,4,1,3,4,3,4,3,5,1,2,1,1,4,2,Data Engineer
5.83,5,4,1,1,2,1,3,4,1,1,3,3,3,4,1,2,5,3,1,2,2,Data Engineer
8.57,3,5,1,3,5,5,4,2,4,4,4,5,4,4,5,2,1,2,1,3,5,Data Engineer
5.78,5,5,2,1,4,2,5,3,3,5,1,3,3,1,3,2,4,1,1,3,1,Data Engineer
6.59,3,4,2,5,5,5,5,1,5,3,5,3,4,5,1,3,2,1,1,4,1,Data Engineer
7.79,5,4,2,3,1,1,4,4,1,4,4,5,3,4,5,5,5,5,1,4,4,Data Engineer
8.32,3,4,3,4,4,2,5,3,4,3,5,5,3,1,5,3,2,2,1,4,2,Data Engineer
6.66,4,5,1,1,2,3,5,3,5,4,4,3,5,1,5,5,4,2,1,5,5,Data Engineer
7.52,3,4,2,2,2,2,4,2,2,5,1,3,3,1,5,3,5,4,0,2,3,Data Engineer
9.32,5,5,4,2,3,1,3,3,4,1,2,5,4,3,4,5,2,5,0,1,3,Data Engineer
7.43,4,5,2,3,5,3,5,4,1,1,1,5,4,2,5,4,1,4,1,2,5,Data Engineer
6.25,5,5,4,2,5,5,4,3,2,5,4,4,5,2,1,2,4,2,0,5,4,Data Engineer
7.55,5,5,2,4,4,3,4,1,4,3,4,5,4,2,5,2,2,3,0,3,5,Data Engineer
8.27,5,5,5,1,2,5,3,2,5,5,5,5,5,5,4,4,1,4,1,3,2,Data Engineer
9.33,3,4,2,1,5,2,3,2,5,2,2,4,3,1,1,4,5,0,0,3,3,Data Engineer
5.94,3,4,3,1,2,2,5,5,1,4,2,5,4,1,1,1,5,3,0,3,1,Data Engineer
5.64,3,4,1,1,2,4,5,5,2,3,3,4,4,3,5,1,1,3,1,1,1,Data Engineer
8.76,3,5,5,4,1,3,3,1,3,3,3,4,5,4,5,1,5,0,1,3,1,Data Engineer
5.52,5,4,5,1,2,3,5,5,5,4,1,5,4,1,4,3,4,2,0,4,1,Data Engineer
6.73,4,5,3,3,4,4,3,1,2,1,3,5,4,4,5,2,1,4,0,3,4,Data Engineer
9.3,4,5,5,5,2,4,3,3,5,5,2,4,3,4,1,2,3,2,1,4,4,Data Engineer
8.5,5,4,4,3,1,3,4,4,1,3,5,3,5,5,1,1,2,2,1,1,1,Data Engineer
6.17,5,4,5,5,5,5,5,5,4,1,1,4,5,5,1,3,1,2,1,3,1,Data Engineer
7.91,4,5,4,1,3,2,3,5,3,2,3,3,4,4,3,3,1,4,1,2,4,Data Engineer
5.5,3,4,5,4,5,2,3,1,3,1,5,3,3,4,3,2,4,5,0,4,4,Data Engineer
7.18,3,4,1,1,1,3,3,5,4,5,5,3,5,2,4,1,4,3,1,3,5,Data Engineer
7.45,5,4,3,1,2,4,3,1,3,5,1,3,4,4,4,4,5,5,1,4,2,Data Engineer
6.58,5,4,4,3,2,4,3,4,3,2,5,3,3,1,3,5,1,2,1,5,1,Data Engineer
7.84,5,4,1,4,5,3,3,3,4,1,4,5,3,3,3,5,2,3,1,2,1,Data Engineer
6.51,5,4,5,4,1,4,4,2,4,3,5,5,5,2,1,2,2,5,1,4,1,Data Engineer
7.51,4,5,2,5,2,4,4,3,5,2,5,4,5,5,5,5,3,3,1,1,3,Data Engineer
6.2,3,5,3,1,3,3,3,2,2,2,4,5,5,3,2,1,3,4,1,5,3,Data Engineer
9.23,4,5,5,2,1,4,4,3,1,2,4,3,4,2,5,1,2,3,1,1,5,Data Engineer
8.83,3,4,2,4,4,4,5,4,1,5,4,3,3,5,3,5,4,1,0,2,1,Data Engineer
9.49,5,4,5,4,3,1,4,3,1,3,2,3,3,5,5,1,3,3,1,4,4,Data Engineer
6.85,3,4,3,5,5,2,3,4,3,5,5,3,3,1,5,5,4,2,1,3,1,Data Engineer
6.01,4,5,2,2,4,4,4,3,4,2,2,4,5,5,4,4,1,2,0,2,1,Data Engineer
7.2,3,4,3,2,1,5,5,4,4,3,1,5,5,2,2,4,3,5,1,4,5,Data Engineer
6.88,5,4,3,4,1,4,3,1,1,1,5,3,5,1,2,5,4,2,1,3,4,Data Engineer
7.18,3,5,2,3,4,1,5,2,1,5,1,5,5,3,1,2,4,3,0,1,5,Data Engineer
7.77,3,5,4,5,5,4,5,3,5,3,2,3,5,4,4,4,4,4,0,4,5,Data Engineer
9.64,5,4,1,2,3,5,5,4,2,1,3,3,4,1,4,3,3,0,1,1,1,Data Engineer
5.62,3,4,5,5,2,5,3,2,5,2,4,3,5,3,5,4,5,4,1,5,5,Data Engineer
7.97,5,4,5,5,1,2,3,4,4,4,3,5,4,4,5,1,1,5,1,5,1,Data Engineer
6.91,3,5,1,2,1,3,4,4,4,3,3,5,3,2,4,1,2,2,0,5,2,Data Engineer
7.47,5,4,3,3,1,1,3,4,2,1,3,3,5,3,4,5,4,4,0,2,3,Data Engineer
8.44,4,5,5,1,1,3,5,5,5,1,2,4,5,2,1,4,5,2,0,5,4,Data Engineer
7.1,3,4,5,3,4,1,5,4,2,3,4,5,3,2,2,4,1,2,1,5,4,Data Engineer
7.28,3,4,5,2,5,5,4,4,3,2,2,5,3,3,1,1,4,0,1,3,3,Data Engineer
7.14,5,4,5,3,4,2,5,2,2,1,3,5,4,4,4,4,2,1,0,3,1,Data Engineer
8.61,3,5,5,3,4,4,4,5,3,3,2,3,4,2,1,3,1,5,0,5,3,Data Engineer
9.89,3,4,3,1,3,3,5,3,5,5,5,3,5,3,5,3,3,2,1,5,1,Data Engineer
7.11,3,4,5,4,4,3,4,1,1,2,4,5,3,2,3,3,4,2,0,3,4,Data Engineer
9.26,3,4,1,3,4,5,4,2,5,5,5,4,3,2,1,5,1,2,1,2,3,Data Engineer
5.51,5,4,1,4,4,3,4,1,2,2,4,5,5,1,4,4,5,5,1,3,2,Data Engineer
7.14,4,4,2,3,4,4,3,4,2,5,3,3,3,5,1,2,3,5,0,1,2,Data Engineer
8.68,4,5,4,3,5,5,5,3,5,4,2,3,5,1,1,3,3,0,0,1,3,Data Engineer
6.18,4,4,5,2,4,2,5,2,2,5,2,4,5,3,2,3,2,3,1,4,3,Data Engineer
8.79,5,5,4,5,5,4,3,1,4,3,5,5,4,2,4,1,1,5,1,3,5,Data Engineer
7.57,3,4,4,4,5,3,3,1,5,4,1,4,3,2,3,5,5,0,1,1,2,Data Engineer
8.99,4,5,1,2,4,1,4,5,3,3,4,3,4,5,4,5,4,3,0,5,4,Data Engineer
6.56,4,5,3,4,5,1,4,2,2,2,2,4,3,2,2,2,5,2,0,3,2,Data Engineer
7.35,5,4,4,4,2,3,4,4,3,5,2,5,5,1,1,2,3,1,0,1,2,Data Engineer
6.61,4,4,2,3,3,2,3,3,3,2,4,5,5,5,3,2,1,1,1,1,3,Data Engineer
8.0,4,4,2,3,4,3,4,3,1,4,1,5,4,3,1,4,4,4,1,4,2,Data Engineer
9.87,5,4,2,2,2,5,5,3,5,5,5,5,5,5,4,4,1,4,0,4,2,Data Engineer
6.72,5,4,4,3,4,2,3,5,4,4,1,4,3,2,5,1,2,5,1,3,4,Data Engineer
8.62,3,5,1,2,2,3,4,1,3,3,2,5,4,5,5,3,5,5,0,4,5,Data Engineer
5.55,4,5,2,3,5,4,5,4,2,4,3,5,4,4,5,3,1,5,1,2,3,Data Engineer
7.53,3,4,2,5,4,1,4,2,5,5,3,3,4,4,5,1,4,3,1,5,4,Data Engineer
5.53,4,5,5,4,1,5,5,3,2,3,4,5,5,4,4,3,1,4,0,5,3,Data Engineer
8.66,5,5,4,1,5,4,5,3,2,2,2,3,3,4,5,2,4,2,1,1,3,Data Engineer
9.1,4,4,4,4,4,3,5,4,4,2,4,5,4,4,3,4,2,1,0,2,5,Data Engineer
8.89,4,5,2,2,5,2,4,4,3,2,5,5,5,2,5,1,1,2,1,3,3,Data Engineer
6.83,5,5,3,1,3,4,5,5,2,1,5,4,3,4,3,1,4,2,1,5,2,Data Engineer
9.51,5,5,2,4,3,5,4,5,2,1,3,3,3,3,3,1,4,2,1,5,2,Data Engineer
5.72,3,5,3,4,4,5,5,3,2,1,2,3,5,3,2,5,5,3,1,4,5,Data Engineer
9.93,4,5,3,5,2,4,4,4,5,4,4,5,3,4,3,4,3,1,0,5,5,Data Engineer
9.15,5,5,5,3,1,2,4,2,1,4,4,3,4,3,1,4,4,2,1,5,1,Data Engineer
9.43,3,4,5,3,4,3,4,2,3,1,2,5,3,4,5,5,5,3,1,5,4,Data Engineer
6.94,5,5,1,3,1,4,4,5,4,1,4,3,5,2,3,4,5,1,0,2,1,Data Engineer
5.7,5,4,4,3,4,3,5,4,1,1,4,3,3,5,1,2,3,4,1,5,5,Data Engineer
8.35,3,4,2,1,4,4,4,5,3,1,5,4,4,3,1,3,2,2,1,1,1,Data Engineer
9.91,4,5,2,1,5,2,4,1,5,5,1,3,3,4,1,5,1,1,1,2,4,Data Engineer
9.31,3,5,2,2,5,3,5,4,5,1,5,4,5,4,1,4,5,4,1,5,2,Data Engineer
6.82,4,5,3,1,1,4,3,5,3,4,3,3,4,4,1,3,3,4,0,2,4,Data Engineer
8.88,5,5,1,2,5,4,3,1,3,4,1,5,4,1,4,4,1,4,1,4,2,Data Engineer
7.75,4,4,1,3,3,2,3,4,5,5,3,3,3,5,4,2,2,4,0,4,1,Data Engineer
8.57,3,5,5,4,2,3,5,1,2,4,2,3,5,5,1,3,4,3,1,2,3,Data Engineer
6.27,3,4,4,4,3,3,5,3,2,1,2,5,3,2,5,4,1,4,0,4,1,Data Engineer
8.77,3,4,1,1,5,5,5,2,5,1,5,4,3,3,4,4,1,1,1,3,4,Data Engineer
9.84,3,5,2,4,4,3,3,5,4,5,5,4,3,3,2,1,2,1,0,3,1,Data Engineer
9.51,5,4,3,2,4,2,3,2,5,2,1,3,3,4,2,1,4,5,1,5,3,Data Engineer
7.34,5,5,4,4,5,5,5,1,5,3,4,3,5,5,3,3,1,0,1,4,3,Data Engineer
6.0,4,4,2,5,2,2,5,4,2,3,2,5,4,4,5,5,4,3,1,3,3,Data Engineer
9.78,4,5,1,3,2,4,4,3,2,5,5,4,5,4,1,2,4,1,0,1,2,Data Engineer
5.97,5,4,3,4,5,4,5,3,5,3,1,3,3,5,2,3,3,0,1,2,5,Data Engineer
8.53,4,5,3,5,5,2,5,5,2,2,4,5,4,4,1,4,1,2,0,4,4,Data Engineer
6.34,3,5,4,1,3,3,5,4,5,1,3,4,3,2,1,3,2,2,1,5,4,Data Engineer
7.17,4,4,2,1,3,3,3,5,4,3,3,4,3,4,5,5,2,5,0,3,4,Data Engineer
6.06,3,5,5,1,5,2,4,1,4,1,1,3,5,4,3,3,3,5,1,2,3,Data Engineer
9.87,3,4,2,3,2,4,3,4,2,1,4,5,3,3,4,2,4,5,1,1,4,Data Engineer
9.21,3,5,3,5,4,2,5,3,4,3,1,3,3,5,3,5,1,1,0,2,2,Data Engineer
6.23,5,5,2,5,1,3,3,5,4,1,2,3,4,1,4,4,4,4,0,4,5,Data Engineer
8.72,4,5,2,5,2,2,4,1,2,2,2,4,5,2,3,1,1,4,0,5,3,Data Engineer
8.6,3,5,1,2,4,1,3,3,3,5,3,4,3,3,3,5,5,5,1,1,4,Data Engineer
8.19,3,4,1,5,4,5,4,2,5,5,2,4,3,2,5,1,4,0,0,4,2,Data Engineer
6.68,5,5,4,3,5,3,4,3,3,3,3,5,3,1,5,4,4,4,1,4,5,Data Engineer
7.46,5,5,5,3,3,3,3,1,3,5,2,3,4,2,4,3,2,5,0,5,5,Data Engineer
8.98,4,5,4,3,2,5,4,3,1,2,4,3,5,5,3,1,3,1,1,2,1,Data Engineer
8.22,3,5,3,5,3,4,4,5,1,4,1,5,5,5,5,4,3,5,0,2,2,Data Engineer
8.83,3,5,3,3,3,5,5,1,3,3,1,4,3,4,5,3,2,3,0,2,2,Data Engineer
8.8,5,5,5,4,5,1,3,2,3,2,3,4,2,1,4,2,3,2,0,4,5,NLP Engineer
6.0,5,5,4,4,3,3,1,1,5,2,1,3,1,1,4,1,5,0,1,5,3,NLP Engineer
8.61,5,3,5,4,5,5,4,4,3,4,2,3,5,3,4,3,4,5,1,4,3,NLP Engineer
9.5,4,1,4,4,3,5,4,1,5,4,1,3,3,1,5,1,1,3,1,4,5,NLP Engineer
6.28,4,3,4,4,1,3,3,5,1,2,2,3,3,5,5,3,2,5,1,4,3,NLP Engineer
6.94,4,1,5,5,3,3,2,5,1,1,3,1,2,4,5,4,1,5,0,2,4,NLP Engineer
7.78,5,4,4,5,4,2,3,3,1,4,5,2,3,1,5,4,5,1,0,1,5,NLP Engineer
8.98,4,4,4,4,3,2,3,5,3,4,2,4,5,5,4,1,1,1,1,5,4,NLP Engineer
5.88,5,4,4,4,2,4,4,4,4,3,2,1,3,1,5,5,2,1,1,5,4,NLP Engineer
8.21,5,1,5,4,3,5,3,4,5,4,3,3,2,4,4,2,4,3,1,2,3,NLP Engineer
8.02,5,3,4,5,5,2,1,1,1,4,5,5,5,4,5,1,2,2,0,4,4,NLP Engineer
9.66,4,1,4,4,3,3,5,4,3,4,3,5,3,2,4,3,5,1,0,3,5,NLP Engineer
7.54,4,5,4,5,2,3,3,2,3,2,4,5,4,4,5,2,2,1,0,3,3,NLP Engineer
8.69,5,3,5,4,2,1,3,3,3,3,3,4,3,3,4,1,3,4,0,1,5,NLP Engineer
6.49,5,3,5,5,4,3,5,4,5,3,2,4,4,4,4,3,1,3,1,3,5,NLP Engineer
9.27,5,3,5,5,4,4,1,2,2,2,5,5,5,3,4,1,1,1,0,3,3,NLP Engineer
7.48,5,5,5,5,2,1,3,2,3,5,1,3,2,5,5,5,2,0,0,5,5,NLP Engineer
6.69,4,2,4,4,3,1,5,3,4,3,1,1,5,4,5,4,4,2,0,3,4,NLP Engineer
9.6,4,5,4,4,4,3,5,2,4,1,4,4,2,2,5,4,4,0,0,3,4,NLP Engineer
9.02,4,4,4,4,5,3,4,1,1,5,3,3,2,5,4,2,1,0,0,1,5,NLP Engineer
8.04,5,2,5,4,2,3,3,2,4,5,1,5,2,1,5,3,4,5,1,2,4,NLP Engineer
7.53,5,4,4,5,2,4,3,3,1,4,2,5,2,2,5,4,1,4,1,1,5,NLP Engineer
6.83,5,3,5,4,5,3,3,4,4,4,4,4,3,5,4,5,5,3,1,1,4,NLP Engineer
7.42,5,1,5,4,4,4,3,3,5,2,4,2,5,4,4,4,3,4,1,1,3,NLP Engineer
9.34,4,5,5,5,1,2,4,2,4,4,5,2,3,4,5,3,2,1,1,1,3,NLP Engineer
6.68,5,1,4,4,3,2,3,1,2,5,1,3,4,5,4,1,2,5,1,4,3,NLP Engineer
9.91,5,1,5,4,1,4,4,2,5,1,3,3,2,3,5,5,2,2,0,1,4,NLP Engineer
6.93,5,4,5,4,3,1,5,4,5,1,1,4,4,2,4,4,1,3,1,4,4,NLP Engineer
8.41,5,1,5,5,2,1,2,4,1,3,3,3,4,3,5,3,1,1,0,4,4,NLP Engineer
6.61,4,2,5,4,1,4,2,5,3,5,3,1,1,2,4,3,3,4,1,2,4,NLP Engineer
8.03,4,2,4,4,4,3,4,4,1,2,1,2,4,2,5,3,4,1,0,2,3,NLP Engineer
8.15,5,3,4,4,5,1,4,2,1,4,5,5,3,2,4,3,3,3,1,1,3,NLP Engineer
7.67,4,2,4,5,5,5,3,1,5,4,1,1,5,2,5,2,3,0,0,2,3,NLP Engineer
6.16,5,2,5,5,1,4,1,1,5,4,5,2,2,4,5,2,1,5,1,5,3,NLP Engineer
5.63,5,1,4,5,5,3,3,1,3,2,3,5,1,4,5,1,2,3,0,3,3,NLP Engineer
7.0,4,5,5,5,5,1,4,2,1,3,5,5,2,1,5,3,1,4,0,1,4,NLP Engineer
6.9,4,5,4,5,4,3,1,4,2,3,4,1,2,1,4,3,2,2,1,5,4,NLP Engineer
7.62,4,3,5,5,5,1,2,4,4,1,4,4,4,4,4,3,4,3,1,3,4,NLP Engineer
9.64,5,5,5,4,3,1,3,5,5,5,5,2,5,3,5,4,2,0,0,1,4,NLP Engineer
9.81,5,3,5,4,5,2,4,4,3,4,4,1,4,5,4,5,5,4,0,4,3,NLP Engineer
9.56,5,1,5,5,3,5,1,1,1,5,2,4,1,4,5,1,1,0,0,5,4,NLP Engineer
8.88,5,4,5,4,5,2,4,4,2,5,1,1,4,5,4,1,4,2,1,5,4,NLP Engineer
6.44,4,3,5,4,3,2,5,4,5,1,3,1,4,2,5,1,3,4,0,5,4,NLP Engineer
5.51,5,4,5,5,1,3,1,4,4,2,5,4,2,4,5,5,3,1,1,5,5,NLP Engineer
6.02,4,2,5,5,1,3,1,2,3,3,3,5,2,1,4,2,5,5,0,5,4,NLP Engineer
5.67,5,4,4,5,2,1,4,4,1,4,3,5,2,5,5,4,1,4,0,4,4,NLP Engineer
8.92,5,5,5,4,3,1,3,1,5,4,2,4,5,2,4,3,5,3,1,1,3,NLP Engineer
6.63,4,5,4,5,3,4,4,4,1,1,4,4,2,3,4,5,5,0,1,1,3,NLP Engineer
9.71,5,3,4,4,5,4,2,1,1,5,3,4,2,5,5,4,5,0,1,4,4,NLP Engineer
7.27,5,5,5,5,2,1,3,4,1,3,5,3,5,5,4,2,2,0,0,4,4,NLP Engineer
6.8,5,2,4,4,2,4,2,1,1,1,5,1,4,4,4,4,4,0,1,1,4,NLP Engineer
9.87,4,3,4,4,2,4,4,3,5,2,5,5,5,1,5,4,1,5,1,4,4,NLP Engineer
6.99,5,2,5,4,2,4,4,5,5,2,1,4,3,5,4,2,4,3,1,2,5,NLP Engineer
7.98,4,3,5,4,2,1,4,3,1,5,4,1,5,4,5,5,3,4,0,5,3,NLP Engineer
7.28,4,5,5,4,5,3,4,1,4,2,1,5,1,1,5,3,1,4,0,3,4,NLP Engineer
8.92,4,2,5,5,4,3,4,3,5,1,2,5,5,4,5,2,1,4,1,1,3,NLP Engineer
6.75,5,5,4,4,5,1,5,1,1,5,1,3,2,5,4,1,1,2,0,5,3,NLP Engineer
9.42,5,5,4,5,3,1,3,3,4,3,4,2,4,2,5,5,2,4,0,5,3,NLP Engineer
7.53,4,5,5,4,2,5,1,4,5,5,4,4,3,5,5,1,2,3,1,1,4,NLP Engineer
6.74,5,3,5,4,1,3,3,4,5,3,2,4,4,3,4,3,2,1,1,3,3,NLP Engineer
6.36,5,3,5,4,5,4,5,4,1,3,4,3,2,2,4,1,1,5,0,5,5,NLP Engineer
7.22,5,4,5,4,2,2,2,1,1,2,2,5,4,5,5,4,2,0,0,5,4,NLP Engineer
8.66,5,3,4,4,4,3,5,2,5,3,5,1,3,5,5,3,1,3,0,2,5,NLP Engineer
8.49,5,5,4,5,1,3,1,1,4,3,2,5,4,2,4,1,3,4,0,1,4,NLP Engineer
6.86,5,1,5,5,5,1,1,2,2,3,4,2,2,2,4,5,3,3,1,4,4,NLP Engineer
9.26,4,2,5,4,2,1,4,2,4,4,3,5,1,1,4,1,3,0,1,1,4,NLP Engineer
9.91,4,5,4,4,5,1,3,4,5,3,3,5,4,4,5,2,3,5,1,5,3,NLP Engineer
7.65,4,3,4,4,3,2,5,5,3,5,5,2,1,4,4,1,3,5,1,2,3,NLP Engineer
9.13,4,5,5,5,4,3,5,3,4,5,4,5,2,5,4,1,2,5,1,3,3,NLP Engineer
8.89,4,4,4,5,5,4,5,5,1,5,5,4,4,2,4,5,5,5,1,2,3,NLP Engineer
6.77,4,1,4,5,2,2,2,4,4,5,5,1,4,5,4,2,2,2,0,4,3,NLP Engineer
8.32,4,2,5,4,1,2,4,1,1,1,3,4,3,1,4,2,3,3,0,2,5,NLP Engineer
6.69,4,5,5,5,5,2,3,5,1,3,2,5,2,5,4,3,1,5,1,2,4,NLP Engineer
5.56,4,1,5,5,5,5,5,5,1,3,2,4,5,5,4,3,1,5,0,4,4,NLP Engineer
7.12,5,5,5,5,1,5,3,2,2,5,4,5,5,1,5,5,3,0,0,4,5,NLP Engineer
9.63,5,4,4,4,5,5,1,5,3,2,5,2,1,5,5,3,3,2,0,3,3,NLP Engineer
7.13,5,2,5,4,5,2,1,5,5,2,4,1,5,3,5,4,4,2,0,3,3,NLP Engineer
9.58,4,4,5,5,1,4,1,1,4,5,1,3,5,4,5,5,1,4,1,3,4,NLP Engineer
9.01,5,3,4,4,5,5,3,1,5,5,1,1,2,2,5,4,1,1,1,5,3,NLP Engineer
5.77,4,2,5,4,3,4,5,5,5,1,5,2,3,4,4,2,2,1,0,4,5,NLP Engineer
9.09,5,3,4,5,5,1,2,5,3,4,1,3,4,2,5,4,1,3,1,4,3,NLP Engineer
9.5,4,1,5,5,2,2,5,4,4,5,5,3,4,1,5,4,5,5,1,2,5,NLP Engineer
6.3,5,2,4,5,1,3,5,4,5,4,1,1,1,2,5,4,3,0,1,1,3,NLP Engineer
9.06,5,1,5,5,2,4,2,3,1,4,3,2,2,3,5,1,5,5,1,3,4,NLP Engineer
9.17,5,2,4,4,1,5,4,3,4,2,4,3,3,1,5,1,4,3,0,5,3,NLP Engineer
9.23,5,3,4,5,3,1,4,1,2,1,3,2,4,2,4,5,5,2,0,2,5,NLP Engineer
8.27,4,4,5,5,4,2,3,1,4,3,2,5,1,3,5,2,1,4,0,3,4,NLP Engineer
6.46,5,4,4,4,1,4,5,5,4,5,4,1,1,1,4,1,1,0,0,3,3,NLP Engineer
6.3,5,5,4,5,4,3,2,1,5,2,3,2,5,4,5,4,4,0,1,4,3,NLP Engineer
7.53,4,5,5,5,4,5,5,1,4,3,5,5,5,1,5,5,1,2,1,2,3,NLP Engineer
7.46,5,4,5,5,3,4,5,4,4,1,2,5,5,1,4,1,4,5,1,3,5,NLP Engineer
6.67,5,1,5,5,1,1,5,1,5,5,3,2,1,1,4,5,4,0,1,1,5,NLP Engineer
9.92,5,5,4,4,5,5,5,5,1,2,4,4,1,1,4,2,4,3,1,1,3,NLP Engineer
9.6,5,3,5,4,1,3,4,5,2,2,5,1,3,3,5,5,4,5,1,3,3,NLP Engineer
5.97,4,2,5,5,4,3,2,5,5,4,4,3,4,2,5,4,2,1,1,4,3,NLP Engineer
9.03,4,1,5,5,4,1,3,2,2,3,3,4,4,2,4,4,3,4,0,3,3,NLP Engineer
9.07,4,5,5,5,5,4,5,3,4,1,4,3,3,4,5,5,5,5,0,3,4,NLP Engineer
9.57,5,5,4,4,3,2,5,4,4,5,3,5,3,5,5,1,1,5,1,2,3,NLP Engineer
7.9,5,3,5,5,5,1,3,3,5,5,3,5,2,1,5,5,5,3,0,3,5,NLP Engineer
5.51,4,3,4,5,2,4,1,3,4,1,1,5,5,5,5,3,1,4,0,4,3,NLP Engineer
9.29,4,1,5,4,2,2,3,1,4,3,1,3,5,3,5,1,5,4,1,5,3,NLP Engineer
5.99,5,4,5,5,2,1,1,5,3,1,1,2,2,2,4,1,2,4,1,4,4,NLP Engineer
8.34,4,1,4,5,1,3,5,2,3,2,5,2,1,5,4,3,4,4,0,4,5,NLP Engineer
8.05,5,1,4,4,1,3,2,3,4,4,3,4,2,2,5,4,3,0,0,5,3,NLP Engineer
9.02,4,3,4,4,4,5,4,3,1,3,5,4,1,5,4,2,2,2,1,5,5,NLP Engineer
6.78,5,4,5,5,1,4,4,2,5,3,5,1,1,2,4,1,5,0,1,3,4,NLP Engineer
9.9,4,2,5,5,2,1,1,2,4,4,1,3,4,3,5,2,5,1,0,1,3,NLP Engineer
6.21,5,5,5,4,3,5,5,4,3,3,1,4,2,1,4,2,5,5,1,4,4,NLP Engineer
9.38,5,3,4,5,4,1,5,3,1,3,5,1,1,5,4,1,1,1,0,2,4,NLP Engineer
8.16,4,4,5,5,3,3,1,3,3,1,5,5,2,5,4,4,2,4,0,5,4,NLP Engineer
6.93,5,1,4,5,3,1,4,5,4,4,3,5,2,1,5,3,2,3,0,1,4,NLP Engineer
6.06,4,3,5,4,1,1,2,5,2,4,4,5,5,5,5,1,4,1,1,3,3,NLP Engineer
8.08,4,5,4,4,2,3,3,5,2,5,5,5,3,5,5,1,2,1,0,2,4,NLP Engineer
7.03,4,5,5,5,1,3,2,5,1,5,2,2,1,4,4,5,3,4,0,1,3,NLP Engineer
6.47,4,5,5,5,2,2,1,5,3,4,5,5,4,5,4,4,3,3,0,1,3,NLP Engineer
5.76,4,4,4,5,5,1,3,5,4,4,5,2,3,5,4,4,1,1,0,2,3,NLP Engineer
9.18,5,5,4,4,3,5,1,3,5,1,5,5,1,5,5,5,4,1,0,2,3,NLP Engineer
8.93,4,2,5,4,1,1,4,2,5,5,3,5,2,5,4,5,1,3,0,4,3,NLP Engineer
8.02,4,5,5,4,2,4,2,2,5,4,4,3,1,1,4,2,3,2,1,3,4,NLP Engineer
6.3,4,3,5,4,1,1,5,1,5,4,5,5,1,3,4,2,5,5,0,3,5,NLP Engineer
6.99,4,2,4,5,4,5,5,3,4,5,3,3,3,1,4,5,2,5,0,1,4,NLP Engineer
7.26,4,5,4,4,3,4,1,4,1,3,2,3,2,5,4,5,2,3,0,3,3,NLP Engineer
8.28,4,2,5,4,1,2,5,3,1,1,3,1,5,1,5,2,5,5,1,2,5,NLP Engineer
9.17,4,5,5,4,1,3,3,5,2,2,1,3,4,1,4,5,4,3,1,3,3,NLP Engineer
9.51,5,3,5,5,3,5,5,5,3,5,5,4,4,2,4,1,5,1,1,3,4,NLP Engineer
7.51,5,5,4,5,2,4,1,5,5,1,5,2,3,2,5,2,1,4,0,1,5,NLP Engineer
9.55,5,4,5,4,4,5,1,1,1,4,3,1,5,5,5,3,3,0,0,2,4,NLP Engineer
9.38,4,3,4,5,1,3,4,4,5,2,5,5,3,2,4,5,4,5,0,4,5,NLP Engineer
9.17,5,3,5,4,5,5,2,3,1,2,4,4,4,3,4,5,4,0,1,4,5,NLP Engineer
6.54,5,4,5,4,3,5,5,3,1,1,4,1,4,2,4,2,2,0,0,3,5,NLP Engineer
8.3,5,3,5,4,1,2,5,1,3,5,1,4,1,5,5,3,2,2,1,2,4,NLP Engineer
8.25,5,5,4,5,1,5,1,5,1,4,5,4,4,5,4,2,1,3,0,4,4,NLP Engineer
9.43,4,4,4,4,1,5,5,5,4,4,4,4,3,5,4,4,3,4,0,4,3,NLP Engineer
9.77,4,2,5,5,5,5,1,2,3,3,4,5,2,4,4,5,3,4,0,3,4,NLP Engineer
5.99,5,2,4,5,4,5,1,4,5,1,5,1,2,2,5,1,2,1,1,2,4,NLP Engineer
5.5,5,4,4,5,5,1,3,5,5,5,4,1,1,3,5,3,1,0,1,3,5,NLP Engineer
7.3,5,4,4,5,3,5,5,1,3,1,5,5,2,5,5,1,2,5,0,5,5,NLP Engineer
6.54,5,5,4,4,3,4,3,2,5,4,2,2,3,5,5,3,2,2,1,1,5,NLP Engineer
8.04,5,5,4,4,1,4,1,3,5,5,1,2,3,5,4,5,5,5,1,3,4,NLP Engineer
9.45,5,1,4,5,5,3,2,4,4,4,1,3,3,1,5,4,4,4,1,2,5,NLP Engineer
9.53,4,2,5,4,1,5,3,3,3,4,5,5,2,5,5,2,5,2,1,4,4,NLP Engineer
7.38,5,1,4,5,5,3,4,5,4,2,1,5,4,1,4,4,5,1,0,5,4,NLP Engineer
8.57,5,4,5,5,3,2,5,5,4,2,4,3,3,1,5,2,2,2,1,2,5,NLP Engineer
6.83,5,3,4,4,1,4,4,4,3,1,5,4,3,3,4,2,1,3,1,1,5,NLP Engineer
7.94,4,3,5,5,5,3,5,5,5,5,1,3,3,2,4,2,5,4,0,4,3,NLP Engineer
6.18,5,1,5,4,4,1,5,5,1,1,5,4,2,3,5,1,3,0,0,1,4,NLP Engineer
9.19,5,5,5,4,2,5,1,3,2,5,5,5,3,2,5,3,1,5,0,3,5,NLP Engineer
8.35,5,1,4,5,4,4,3,2,5,2,1,1,5,4,4,2,2,5,1,3,3,NLP Engineer
9.99,4,2,5,4,2,5,2,5,2,3,3,2,5,3,5,2,1,5,1,3,3,NLP Engineer
9.14,4,5,4,4,2,4,4,2,3,5,1,4,5,5,5,2,4,3,1,4,4,NLP Engineer
6.86,5,2,5,5,2,4,2,5,5,3,2,3,4,3,5,5,4,3,1,5,3,NLP Engineer
7.15,4,5,4,4,2,5,5,1,1,1,4,3,2,3,5,3,3,0,1,3,3,NLP Engineer
8.15,4,5,5,5,5,4,1,4,1,4,5,4,4,5,4,5,2,4,1,2,4,NLP Engineer
9.19,4,2,4,5,2,5,1,5,1,2,4,5,3,5,5,4,4,5,0,3,3,NLP Engineer
8.94,4,3,4,4,5,4,4,2,5,5,3,5,1,2,4,1,4,5,0,3,4,NLP Engineer
9.35,4,3,4,4,4,2,2,4,1,1,1,1,5,4,4,4,2,0,0,1,4,NLP Engineer
5.87,5,5,5,5,1,3,1,1,4,5,5,5,5,3,5,1,2,3,0,5,4,NLP Engineer
6.13,5,4,5,4,1,2,5,5,2,5,5,5,3,3,5,2,4,1,1,3,3,NLP Engineer
8.66,5,1,5,5,3,4,5,4,3,1,2,2,2,4,4,1,5,5,1,1,5,NLP Engineer
6.51,5,3,4,5,3,3,1,3,4,3,4,5,5,4,4,1,5,3,1,3,5,NLP Engineer
9.78,4,3,4,5,2,2,5,1,2,3,4,4,4,5,4,4,3,3,0,4,3,NLP Engineer
9.68,4,5,5,5,3,2,2,2,4,4,4,3,2,5,4,1,1,1,0,4,3,NLP Engineer
6.62,4,5,5,5,3,4,5,5,4,1,2,5,4,4,4,3,2,3,0,5,5,NLP Engineer
6.12,5,3,4,5,3,5,3,2,5,2,4,4,4,4,4,3,5,2,1,4,5,NLP Engineer
9.32,5,5,4,4,2,5,1,1,1,2,2,1,2,1,4,2,3,2,0,3,5,NLP Engineer
5.97,4,1,5,5,3,2,3,3,4,1,2,5,4,1,5,5,3,5,0,3,5,NLP Engineer
6.35,5,4,5,5,2,1,3,1,2,4,5,4,2,4,5,3,1,0,0,2,3,NLP Engineer
9.78,4,1,4,5,2,5,1,2,5,1,5,2,2,5,5,5,5,4,1,4,4,NLP Engineer
7.68,4,3,4,4,3,1,4,5,3,4,5,2,2,4,4,1,4,1,1,2,3,NLP Engineer
8.25,4,3,5,5,2,4,1,3,2,4,4,1,5,3,5,4,3,0,0,4,4,NLP Engineer
6.99,5,3,5,4,5,2,2,3,4,1,3,1,3,1,5,4,1,3,0,2,4,NLP Engineer
8.57,5,1,5,5,2,3,4,5,4,1,3,3,4,3,4,1,1,5,1,4,3,NLP Engineer
7.8,4,5,5,4,2,3,5,3,4,4,1,3,3,1,5,4,5,3,0,3,4,NLP Engineer
8.39,4,5,4,4,1,4,1,3,5,1,3,4,5,4,4,1,1,4,1,5,4,NLP Engineer
8.25,5,1,5,4,5,1,2,3,2,3,3,4,5,4,5,4,3,5,0,1,4,NLP Engineer
8.71,4,2,5,5,2,4,1,3,3,5,2,2,2,1,4,5,5,0,1,4,5,NLP Engineer
9.09,4,5,5,4,2,3,3,3,4,5,1,3,1,3,5,1,4,2,0,3,5,NLP Engineer
9.28,4,5,4,5,3,2,2,3,4,5,1,1,3,1,4,2,5,0,1,3,5,NLP Engineer
5.96,5,2,4,4,3,3,4,2,1,2,3,2,5,2,5,4,3,4,0,1,3,NLP Engineer
5.79,4,2,4,5,4,5,1,5,2,5,1,4,3,2,4,3,1,0,0,5,5,NLP Engineer
9.57,5,4,5,4,4,5,4,2,1,3,2,5,4,1,5,4,4,3,0,1,4,NLP Engineer
9.88,5,3,4,4,1,1,5,4,3,5,5,2,3,1,4,3,2,4,1,2,3,NLP Engineer
8.4,4,2,4,4,2,4,1,3,1,4,4,3,4,1,4,1,4,3,1,2,5,NLP Engineer
8.54,5,4,5,4,4,2,1,1,2,1,2,4,5,3,5,3,3,1,1,3,3,NLP Engineer
7.26,5,3,5,5,2,3,1,3,3,2,1,1,1,2,4,1,5,2,0,4,4,NLP Engineer
7.73,5,4,4,5,4,4,4,1,5,2,1,4,2,1,4,4,1,0,0,1,4,NLP Engineer
8.6,5,5,5,4,5,3,1,1,2,5,4,3,1,3,4,4,1,3,0,1,3,NLP Engineer
8.32,5,3,4,4,3,1,5,4,1,5,5,3,1,5,5,1,3,0,0,3,3,NLP Engineer
9.18,4,1,4,5,1,5,1,1,1,4,3,4,1,1,5,5,3,2,1,3,5,NLP Engineer
7.38,4,2,4,4,4,4,5,4,4,4,2,5,5,5,4,2,5,4,0,2,3,NLP Engineer
7.64,4,4,5,5,5,1,2,3,3,2,1,2,1,1,4,2,3,4,1,2,4,NLP Engineer
9.67,4,5,4,4,1,5,3,4,3,4,2,3,5,4,4,4,3,0,0,1,3,NLP Engineer
7.09,4,3,4,4,1,2,3,5,1,5,5,4,1,1,5,2,5,4,1,1,5,NLP Engineer
9.63,5,2,5,5,5,5,5,4,2,3,2,4,2,2,4,2,2,3,0,1,4,NLP Engineer
6.5,4,3,4,4,3,5,3,3,3,5,4,1,2,2,4,4,5,1,1,5,3,NLP Engineer
9.04,5,3,5,5,2,5,4,4,5,5,3,2,3,1,5,4,4,5,0,3,3,NLP Engineer
9.14,4,2,5,5,3,4,5,5,1,2,4,1,5,5,4,3,3,4,0,2,5,NLP Engineer
8.92,4,3,4,5,5,4,3,3,3,3,1,3,3,4,4,3,4,4,0,4,3,NLP Engineer
9.15,4,2,4,5,2,5,2,1,3,3,3,1,1,3,5,3,4,4,1,2,3,NLP Engineer
5.91,5,5,5,5,4,3,2,2,1,5,4,4,3,5,5,5,5,2,1,5,3,NLP Engineer
8.76,4,1,5,4,1,3,1,4,4,2,5,5,3,1,4,5,5,1,0,1,4,Computer Vision Engineer
8.09,4,2,4,5,1,4,1,3,5,1,5,1,2,2,5,4,4,5,0,3,5,Computer Vision Engineer
5.89,4,4,4,5,1,1,3,4,5,3,3,1,5,4,1,5,5,4,0,2,3,Computer Vision Engineer
7.51,5,1,5,4,2,5,3,1,5,5,4,2,4,4,5,4,5,4,0,2,3,Computer Vision Engineer
6.74,4,2,5,5,5,4,3,1,1,2,4,4,1,3,4,5,5,2,1,4,5,Computer Vision Engineer
6.0,5,2,5,5,2,4,2,4,5,5,2,3,5,1,1,5,5,0,1,1,5,Computer Vision Engineer
8.6,4,4,4,4,4,1,2,5,3,4,1,4,5,4,4,4,4,2,1,4,4,Computer Vision Engineer
5.72,5,4,5,4,2,2,2,5,3,3,2,3,1,1,3,5,5,2,1,2,4,Computer Vision Engineer
6.9,5,2,4,5,5,3,1,3,3,1,1,4,5,5,3,4,4,4,0,5,3,Computer Vision Engineer
9.85,5,1,5,4,2,2,1,4,5,1,3,3,4,1,5,5,4,1,1,4,4,Computer Vision Engineer
7.01,5,3,5,5,1,5,2,4,3,1,4,5,3,3,1,4,5,4,0,4,4,Computer Vision Engineer
8.87,4,1,5,4,5,3,2,1,5,3,5,2,3,5,3,5,4,0,0,5,3,Computer Vision Engineer
9.95,4,3,5,5,2,1,5,1,2,3,5,3,3,5,5,5,5,1,1,3,5,Computer Vision Engineer
9.34,4,1,4,5,3,2,2,2,4,1,2,1,5,5,1,5,4,2,1,5,3,Computer Vision Engineer
9.05,4,1,4,5,2,3,3,3,4,2,3,3,1,1,1,5,4,2,0,3,4,Computer Vision Engineer
8.06,5,3,4,4,3,2,3,4,3,5,3,2,4,4,3,4,5,0,1,2,5,Computer Vision Engineer
8.3,4,2,4,5,2,4,5,5,3,3,4,3,1,4,4,5,5,1,0,5,4,Computer Vision Engineer
8.8,5,1,5,5,4,3,4,4,2,2,1,1,3,2,4,4,5,4,1,2,3,Computer Vision Engineer
8.51,4,3,5,5,4,5,5,2,2,1,5,3,5,2,4,5,4,2,1,3,5,Computer Vision Engineer
6.24,5,4,5,4,1,2,1,1,5,3,5,2,2,4,5,4,4,2,0,5,3,Computer Vision Engineer
9.88,4,2,4,5,1,4,2,4,4,1,2,3,2,4,5,4,5,5,0,5,4,Computer Vision Engineer
8.47,5,2,5,4,1,2,2,4,2,2,4,4,5,5,4,5,5,3,1,1,3,Computer Vision Engineer
8.36,4,4,5,5,3,5,3,4,3,3,1,3,3,2,4,5,5,5,0,5,3,Computer Vision Engineer
9.3,5,4,4,4,3,5,3,1,4,5,1,2,1,1,1,4,5,3,0,3,5,Computer Vision Engineer
8.63,5,1,4,4,1,3,4,2,1,5,1,2,2,3,5,5,5,1,1,1,5,Computer Vision Engineer
9.62,5,2,5,5,1,3,3,1,3,2,1,1,3,3,3,5,4,3,1,3,4,Computer Vision Engineer
7.55,5,1,5,4,4,1,3,1,3,2,3,1,5,4,1,5,5,3,0,2,3,Computer Vision Engineer
5.91,5,3,4,5,4,4,1,1,3,4,5,1,1,4,4,5,4,1,1,2,4,Computer Vision Engineer
8.33,5,1,4,4,5,2,5,1,4,2,3,5,5,2,5,5,5,1,1,2,5,Computer Vision Engineer
7.19,5,2,4,4,2,5,2,1,4,1,1,3,1,4,5,4,5,0,1,2,5,Computer Vision Engineer
9.8,5,4,4,4,4,2,4,5,1,3,2,4,4,4,3,5,5,3,1,5,3,Computer Vision Engineer
6.45,4,2,4,4,4,1,3,2,1,5,1,4,5,1,3,4,5,5,1,1,5,Computer Vision Engineer
8.97,4,1,4,5,4,2,2,4,4,3,2,5,4,5,5,5,4,2,1,3,4,Computer Vision Engineer
8.28,5,5,5,4,2,3,5,4,2,1,3,4,5,2,2,4,4,4,1,2,5,Computer Vision Engineer
9.55,4,3,5,5,5,5,3,1,5,5,2,5,3,2,1,4,4,3,1,4,4,Computer Vision Engineer
9.25,4,3,4,4,1,1,1,4,3,3,2,4,3,2,5,4,5,1,1,5,5,Computer Vision Engineer
5.92,4,2,5,4,1,5,5,2,5,1,3,3,1,2,3,5,5,5,0,1,4,Computer Vision Engineer
6.29,5,4,4,5,1,5,5,5,4,4,2,1,5,3,2,5,4,0,1,5,5,Computer Vision Engineer
9.92,4,1,5,5,2,5,3,1,5,5,4,1,2,1,3,5,5,1,1,3,5,Computer Vision Engineer
10.0,4,2,5,4,5,1,5,1,1,1,2,5,3,4,5,4,5,5,1,1,4,Computer Vision Engineer
8.58,5,4,5,4,1,2,4,3,5,4,1,5,2,4,5,4,4,3,0,4,3,Computer Vision Engineer
8.39,4,2,5,5,2,5,1,3,3,1,3,1,4,1,4,4,4,3,1,5,3,Computer Vision Engineer
6.62,4,1,4,4,3,4,2,2,2,5,5,1,1,1,5,5,4,4,0,5,5,Computer Vision Engineer
6.47,4,5,5,5,2,3,2,2,3,2,1,5,3,3,1,4,5,1,1,5,5,Computer Vision Engineer
7.18,4,3,5,5,1,3,1,2,1,1,4,2,5,5,5,4,5,2,0,1,3,Computer Vision Engineer
6.5,5,1,5,4,4,1,1,1,5,5,4,4,2,5,4,4,5,1,1,1,5,Computer Vision Engineer
8.53,5,5,4,4,3,4,2,3,2,5,5,4,3,5,1,5,4,2,1,2,5,Computer Vision Engineer
8.03,5,2,5,4,3,4,1,1,4,2,1,4,4,3,2,4,5,5,1,3,5,Computer Vision Engineer
8.06,4,1,4,5,2,4,4,2,1,1,1,1,3,2,2,4,4,1,0,2,3,Computer Vision Engineer
9.15,4,2,5,4,3,5,1,4,1,2,5,1,1,1,2,4,5,4,1,4,3,Computer Vision Engineer
9.87,4,5,5,5,3,5,4,4,5,5,1,4,3,2,2,4,4,3,0,2,5,Computer Vision Engineer
8.12,5,3,5,5,2,1,2,5,1,4,3,5,2,4,1,4,4,1,0,4,5,Computer Vision Engineer
7.66,5,5,5,5,4,2,2,5,3,1,4,5,3,5,3,4,4,5,1,2,5,Computer Vision Engineer
9.85,5,4,4,4,2,2,1,2,2,1,5,4,1,1,3,5,5,2,0,1,4,Computer Vision Engineer
9.05,4,2,4,4,4,5,4,4,5,2,4,3,3,4,2,4,5,4,0,3,3,Computer Vision Engineer
7.53,5,2,5,5,4,4,4,2,1,3,1,3,5,4,5,5,4,5,1,1,5,Computer Vision Engineer
6.76,4,5,4,4,2,3,1,2,2,5,5,5,3,4,4,5,5,0,1,4,5,Computer Vision Engineer
9.83,5,2,5,4,3,3,5,3,1,2,5,2,3,4,5,4,4,1,1,4,4,Computer Vision Engineer
9.35,4,1,4,5,5,3,3,2,5,2,2,1,5,1,1,4,4,3,1,4,4,Computer Vision Engineer
7.47,5,3,5,4,4,5,2,2,4,4,4,4,1,3,3,5,4,4,0,5,5,Computer Vision Engineer
6.04,5,5,4,4,2,3,5,1,2,5,3,4,4,5,1,5,4,3,1,3,5,Computer Vision Engineer
6.7,5,5,4,5,1,2,2,5,3,1,5,4,3,3,5,4,4,0,0,1,5,Computer Vision Engineer
7.21,5,5,4,4,1,4,1,1,3,1,1,1,2,4,4,4,4,3,1,4,3,Computer Vision Engineer
8.76,5,1,4,5,4,3,5,5,4,2,4,2,5,4,1,4,4,1,0,1,3,Computer Vision Engineer
8.84,5,1,5,4,5,3,5,3,1,4,3,2,2,4,5,5,4,5,1,5,4,Computer Vision Engineer
8.9,5,5,4,4,4,5,2,5,5,1,3,4,4,1,4,4,5,0,1,5,4,Computer Vision Engineer
9.08,5,3,5,4,4,1,2,5,4,2,3,5,5,3,5,5,5,0,0,5,3,Computer Vision Engineer
7.83,4,1,4,4,1,2,5,4,2,4,2,4,1,3,1,4,5,1,1,3,3,Computer Vision Engineer
8.31,4,3,4,5,3,1,3,3,1,5,2,3,1,3,1,5,5,4,1,4,3,Computer Vision Engineer
8.71,4,1,4,5,3,1,3,3,5,4,3,3,3,1,3,5,5,1,1,5,5,Computer Vision Engineer
6.53,5,4,5,4,3,5,4,1,5,1,3,3,4,4,2,4,4,4,0,4,5,Computer Vision Engineer
8.87,4,4,5,5,5,5,5,3,4,5,4,2,5,5,3,5,5,5,1,1,5,Computer Vision Engineer
6.98,4,3,5,5,5,4,2,4,1,2,4,2,2,1,4,5,5,1,1,2,4,Computer Vision Engineer
9.11,4,1,5,5,5,4,3,3,4,5,1,1,2,5,3,5,5,0,0,5,3,Computer Vision Engineer
7.49,4,5,5,5,2,2,1,3,4,5,2,3,3,4,4,4,4,0,1,5,5,Computer Vision Engineer
6.64,4,3,4,5,4,2,5,1,1,4,2,2,3,1,1,4,4,2,0,2,4,Computer Vision Engineer
6.93,4,4,4,4,5,5,4,2,4,4,2,1,3,1,4,5,4,2,1,4,3,Computer Vision Engineer
9.46,5,1,4,5,3,3,4,3,2,1,4,5,4,4,1,5,4,5,1,5,3,Computer Vision Engineer
9.15,4,1,4,5,3,2,4,5,1,2,1,1,2,1,3,5,4,5,1,2,3,Computer Vision Engineer
5.96,5,5,4,4,3,2,1,5,4,3,2,3,5,2,4,5,5,3,1,2,3,Computer Vision Engineer
6.63,5,1,4,4,4,1,3,2,4,5,3,3,1,4,1,4,4,1,1,5,4,Computer Vision Engineer
6.96,5,1,4,4,2,5,4,2,4,5,1,5,1,3,5,4,5,1,1,4,3,Computer Vision Engineer
5.63,4,1,4,5,4,5,3,1,3,2,3,1,1,1,4,5,4,5,0,5,3,Computer Vision Engineer
6.84,4,4,5,5,2,4,2,5,5,4,1,1,3,4,3,5,4,4,1,3,5,Computer Vision Engineer
6.89,5,4,4,4,3,4,3,4,5,4,4,2,4,2,3,5,5,3,0,3,5,Computer Vision Engineer
7.23,4,2,4,5,5,4,1,1,3,2,4,2,4,5,3,5,4,0,1,4,5,Computer Vision Engineer
5.72,4,5,5,4,3,3,4,5,3,2,2,2,5,1,3,5,4,4,0,5,5,Computer Vision Engineer
10.0,4,5,5,4,5,3,2,3,4,5,3,3,5,1,2,5,4,2,1,3,3,Computer Vision Engineer
8.94,4,3,4,4,3,1,5,5,5,3,1,3,5,5,2,4,5,5,1,4,5,Computer Vision Engineer
6.89,5,4,4,5,3,1,3,2,2,4,3,4,1,5,5,5,5,3,0,2,4,Computer Vision Engineer
8.01,5,2,4,5,2,1,2,3,4,5,5,3,2,1,2,5,5,5,1,2,5,Computer Vision Engineer
9.46,4,4,4,5,4,1,1,2,1,5,1,5,2,5,4,4,5,0,0,3,5,Computer Vision Engineer
7.06,4,4,4,5,1,3,4,1,4,4,4,5,5,4,4,5,4,5,0,5,4,Computer Vision Engineer
8.56,4,2,5,4,5,4,3,5,1,2,2,3,3,2,4,5,4,4,0,5,3,Computer Vision Engineer
7.95,4,1,4,5,3,2,4,2,3,5,5,4,4,2,2,4,4,5,0,4,3,Computer Vision Engineer
5.88,4,4,4,4,4,2,3,5,5,5,5,2,3,2,3,5,5,1,1,1,5,Computer Vision Engineer
9.8,5,5,5,4,2,2,4,2,5,3,3,4,4,4,5,4,4,5,1,1,3,Computer Vision Engineer
6.78,4,1,5,5,1,5,4,5,5,5,3,3,5,4,5,5,5,1,1,4,3,Computer Vision Engineer
9.27,5,3,5,4,3,1,3,2,1,3,2,5,1,5,2,4,4,4,1,3,3,Computer Vision Engineer
7.67,4,3,5,4,3,1,3,5,3,3,1,4,4,5,3,4,5,3,0,2,5,Computer Vision Engineer
7.82,4,5,5,4,4,2,2,2,4,4,5,4,3,3,2,4,4,2,0,4,3,Computer Vision Engineer
8.56,4,3,4,5,1,3,4,5,5,1,1,1,3,5,3,5,5,2,1,1,3,Computer Vision Engineer
8.65,4,4,4,4,1,2,3,4,2,2,2,1,4,1,1,4,5,4,1,3,5,Computer Vision Engineer
8.57,5,3,4,5,2,2,1,3,1,3,5,5,3,1,5,4,5,1,1,1,5,Computer Vision Engineer
6.64,5,1,4,4,4,4,4,1,4,1,5,5,1,5,2,4,4,3,1,2,5,Computer Vision Engineer
7.09,5,2,5,5,1,2,1,1,1,3,5,2,3,5,1,4,4,4,1,3,3,Computer Vision Engineer
9.34,4,2,5,4,2,4,2,5,5,5,3,5,3,1,5,4,5,5,1,3,4,Computer Vision Engineer
8.55,4,1,4,5,5,3,5,4,3,2,4,3,5,4,2,5,5,2,0,2,5,Computer Vision Engineer
8.01,4,1,4,4,1,4,3,1,4,3,1,4,5,1,1,5,4,4,1,1,5,Computer Vision Engineer
6.57,4,5,5,5,4,1,2,4,2,1,3,4,1,4,5,5,4,0,0,2,3,Computer Vision Engineer
9.66,4,1,4,4,1,3,4,2,3,2,4,3,5,3,4,4,4,1,0,5,3,Computer Vision Engineer
9.76,4,3,5,5,2,1,3,1,4,2,5,4,5,1,3,4,4,3,0,4,5,Computer Vision Engineer
8.88,5,2,5,5,5,4,2,3,1,4,2,2,2,3,2,4,5,4,1,4,5,Computer Vision Engineer
8.55,5,1,4,5,1,3,2,3,2,5,4,4,3,2,1,4,5,0,1,3,5,Computer Vision Engineer
9.68,4,1,4,5,3,3,2,5,5,4,5,2,4,3,5,5,5,2,0,1,4,Computer Vision Engineer
9.23,5,4,5,5,2,5,5,4,3,5,3,4,1,5,2,4,4,1,0,4,4,Computer Vision Engineer
7.0,4,5,5,4,1,1,5,5,2,1,1,5,3,5,3,5,4,0,0,2,4,Computer Vision Engineer
6.8,4,4,4,5,1,4,5,4,5,2,5,4,4,4,1,4,4,3,1,2,3,Computer Vision Engineer
9.09,5,5,4,5,5,5,2,4,1,1,2,2,5,5,4,5,5,4,0,2,5,Computer Vision Engineer
6.44,4,4,4,5,3,4,3,2,3,1,5,5,4,2,4,4,4,4,0,1,4,Computer Vision Engineer
9.32,4,4,5,4,4,2,3,5,3,1,2,3,5,5,3,4,5,0,1,3,5,Computer Vision Engineer
6.76,4,2,4,4,1,1,1,2,3,1,3,4,3,3,3,4,5,2,1,3,3,Computer Vision Engineer
8.75,5,1,4,5,5,5,2,1,4,2,2,3,4,5,5,4,4,1,0,5,4,Computer Vision Engineer
7.34,4,1,5,4,3,1,5,4,1,4,3,5,3,5,2,5,4,2,0,5,3,Computer Vision Engineer
7.86,5,5,4,5,5,4,5,1,2,4,5,2,5,4,1,5,4,4,1,3,4,Computer Vision Engineer
7.11,5,1,5,5,2,4,2,4,2,5,2,5,1,2,1,5,4,3,1,2,4,Computer Vision Engineer
7.86,5,4,5,5,2,5,4,1,1,1,5,5,4,1,1,5,4,5,0,2,3,Computer Vision Engineer
7.29,4,1,5,4,3,1,3,4,3,1,1,3,1,3,2,5,5,2,1,2,4,Computer Vision Engineer
9.78,4,2,5,5,5,5,2,2,5,2,4,3,5,5,1,5,4,2,0,1,4,Computer Vision Engineer
7.45,5,3,4,5,1,5,5,3,3,1,3,5,1,1,2,4,5,3,0,1,3,Computer Vision Engineer
7.75,5,4,5,5,5,2,5,2,2,4,5,2,4,3,5,5,5,3,1,4,5,Computer Vision Engineer
5.98,5,2,5,5,3,3,4,5,4,4,1,5,2,5,4,4,5,4,0,3,5,Computer Vision Engineer
6.38,4,3,4,4,2,4,4,5,2,3,2,1,5,3,2,5,5,3,0,3,5,Computer Vision Engineer
8.47,4,4,4,4,2,2,5,4,3,5,1,2,2,3,5,5,4,0,1,1,3,Computer Vision Engineer
7.41,5,4,5,4,3,4,2,1,1,4,2,1,5,2,3,4,5,3,1,4,4,Computer Vision Engineer
9.02,5,4,5,5,2,4,1,5,1,3,3,4,1,1,2,5,4,0,0,4,4,Computer Vision Engineer
8.23,5,1,4,4,2,5,2,4,4,5,3,3,4,3,3,4,5,5,1,2,4,Computer Vision Engineer
9.63,5,1,5,4,5,2,5,1,2,3,2,5,5,4,3,4,5,0,1,5,5,Computer Vision Engineer
8.66,5,5,5,5,5,2,5,2,2,4,1,1,3,5,4,4,4,0,0,5,4,Computer Vision Engineer
8.29,4,2,4,4,3,5,1,1,4,5,5,2,3,3,5,4,4,2,0,2,3,Computer Vision Engineer
9.31,5,1,4,5,1,4,2,2,1,4,4,4,1,4,5,5,4,1,0,4,5,Computer Vision Engineer
9.3,5,2,5,5,5,1,5,2,3,2,4,5,3,5,4,5,4,5,1,2,5,Computer Vision Engineer
8.01,4,2,5,5,3,5,1,5,1,4,2,1,3,5,3,4,5,0,1,3,3,Computer Vision Engineer
9.27,4,2,4,4,2,4,2,1,3,5,5,1,3,2,1,4,4,3,0,1,4,Computer Vision Engineer
8.13,5,1,4,5,1,2,5,4,5,5,4,5,1,5,4,5,4,1,1,5,4,Computer Vision Engineer
7.9,4,2,5,5,5,1,1,2,4,5,1,3,2,4,4,5,5,2,0,5,5,Computer Vision Engineer
5.86,5,1,4,4,1,5,2,3,1,1,1,5,2,3,1,4,4,2,0,3,5,Computer Vision Engineer
6.32,5,3,5,4,5,1,3,4,4,1,4,1,5,1,2,5,4,1,0,1,5,Computer Vision Engineer
8.3,5,2,5,5,4,5,2,1,2,4,3,5,1,1,1,5,4,5,1,5,4,Computer Vision Engineer
8.32,5,5,5,5,4,5,3,4,2,5,4,5,5,1,3,4,5,2,1,3,3,Computer Vision Engineer
8.41,5,3,4,5,2,3,3,5,3,5,1,3,4,2,5,4,4,4,1,4,4,Computer Vision Engineer
9.56,5,5,5,4,5,4,5,5,4,1,2,3,5,1,3,5,4,5,1,2,3,Computer Vision Engineer
7.67,5,5,5,4,3,1,1,2,2,1,3,5,3,5,1,4,4,1,1,3,3,Computer Vision Engineer
6.97,5,4,5,5,1,1,5,5,5,3,5,1,1,4,5,4,4,5,1,4,3,Computer Vision Engineer
8.26,4,3,5,5,1,3,5,1,2,3,3,4,4,4,5,4,4,5,0,2,4,Computer Vision Engineer
9.66,4,2,5,4,4,3,3,5,3,3,2,4,1,5,2,5,5,4,0,4,4,Computer Vision Engineer
8.02,4,3,4,5,2,3,1,4,3,5,4,1,4,4,1,5,5,4,1,2,4,Computer Vision Engineer
7.65,4,1,4,5,5,1,1,5,1,5,4,2,2,5,1,5,4,2,0,2,3,Computer Vision Engineer
7.79,4,1,5,4,1,1,3,3,5,2,2,5,4,1,3,4,5,5,0,4,4,Computer Vision Engineer
6.25,5,2,5,4,1,5,4,1,5,5,1,5,1,2,3,4,5,3,1,5,3,Computer Vision Engineer
6.96,4,3,5,5,5,2,2,3,2,3,5,4,5,1,5,4,5,1,0,3,3,Computer Vision Engineer
7.36,5,4,5,4,4,2,5,2,4,2,1,3,2,3,2,4,5,5,1,3,5,Computer Vision Engineer
5.78,5,3,5,4,5,5,2,4,1,3,3,1,1,5,1,4,5,3,1,1,4,Computer Vision Engineer
9.27,4,1,5,5,3,2,1,3,3,5,2,2,1,5,2,5,4,0,1,2,4,Computer Vision Engineer
7.33,5,1,5,4,4,1,2,1,1,3,3,3,5,3,3,4,4,0,1,3,5,Computer Vision Engineer
5.89,4,5,4,4,4,4,4,5,2,4,5,2,1,4,3,5,4,4,0,4,4,Computer Vision Engineer
7.69,4,4,5,4,4,4,5,4,3,1,3,3,5,5,4,4,5,2,1,4,3,Computer Vision Engineer
9.87,4,5,5,5,3,1,2,3,2,3,3,3,1,2,4,5,4,4,1,1,3,Computer Vision Engineer
9.37,4,2,4,4,1,5,5,2,4,4,4,4,3,1,1,5,4,3,0,3,4,Computer Vision Engineer
9.78,5,4,5,4,2,1,4,3,4,1,2,1,3,4,5,4,4,2,1,1,3,Computer Vision Engineer
9.59,4,3,4,4,5,1,4,3,4,3,2,5,1,3,1,4,5,0,1,4,3,Computer Vision Engineer
9.27,4,2,5,4,4,3,3,3,2,2,3,4,1,2,3,4,5,0,1,3,3,Computer Vision Engineer
9.42,4,1,4,4,2,5,1,5,5,5,5,4,1,1,2,4,4,1,1,5,5,Computer Vision Engineer
6.93,4,4,5,4,1,5,2,2,5,3,5,4,2,3,1,4,5,5,1,2,3,Computer Vision Engineer
9.15,4,5,5,5,3,1,5,4,2,5,5,3,3,4,4,4,5,4,0,5,5,Computer Vision Engineer
5.69,4,2,5,5,1,5,3,3,5,1,1,4,2,2,3,4,4,4,0,3,3,Computer Vision Engineer
6.1,4,4,5,4,1,5,1,4,3,3,4,3,5,5,2,5,5,5,0,2,3,Computer Vision Engineer
7.94,5,3,4,5,5,1,1,1,1,2,1,2,4,2,1,5,4,0,0,5,4,Computer Vision Engineer
6.74,4,4,5,4,4,1,1,1,3,1,4,1,1,4,2,4,5,1,1,2,4,Computer Vision Engineer
9.63,5,1,4,5,1,3,4,3,4,3,3,3,1,2,3,5,5,3,1,1,5,Computer Vision Engineer
8.62,4,3,4,5,3,2,3,5,2,2,1,1,4,3,4,5,4,1,1,5,5,Computer Vision Engineer
9.08,5,3,5,4,4,3,4,2,2,4,1,1,4,5,5,4,4,0,0,4,3,Computer Vision Engineer
8.83,4,2,4,4,2,4,1,1,2,4,3,3,1,2,4,4,5,4,0,3,3,Computer Vision Engineer
5.88,4,1,5,4,5,3,2,2,3,3,1,3,5,1,2,5,5,0,0,3,3,Computer Vision Engineer
5.63,5,5,4,5,1,1,2,1,2,2,1,2,5,2,5,4,4,1,0,5,5,Computer Vision Engineer
6.16,4,4,4,4,3,5,3,2,3,4,5,2,2,1,5,5,5,5,0,1,3,Computer Vision Engineer
6.71,4,2,4,5,1,2,1,2,2,1,4,3,3,3,1,5,5,5,1,2,5,Computer Vision Engineer
7.88,5,4,5,5,5,4,1,5,1,3,4,1,5,5,2,4,5,5,1,4,4,Computer Vision Engineer
7.77,4,1,4,4,5,5,3,5,2,3,1,4,3,3,1,5,5,5,0,1,4,Computer Vision Engineer
8.93,5,1,5,5,5,5,2,3,2,2,2,3,2,5,2,5,4,1,1,5,4,Computer Vision Engineer
6.26,4,1,4,4,3,5,2,5,2,5,2,5,2,5,1,5,4,4,0,2,3,Computer Vision Engineer
9.66,4,4,5,5,3,3,3,1,2,5,3,2,4,1,3,4,5,0,1,5,4,Computer Vision Engineer
7.65,5,5,4,4,4,5,5,3,2,5,4,2,5,5,1,4,5,4,0,5,4,Computer Vision Engineer
5.99,4,1,4,4,5,2,4,5,4,3,5,5,2,1,5,5,4,5,1,4,5,Computer Vision Engineer
8.88,4,2,5,5,4,3,2,2,2,3,2,5,4,4,4,5,5,0,0,3,4,Computer Vision Engineer
8.06,5,5,4,5,3,1,2,2,2,3,1,5,3,3,4,5,4,4,0,2,3,Computer Vision Engineer
9.09,5,1,5,4,4,4,2,5,2,5,1,5,5,1,2,5,5,3,1,1,4,Computer Vision Engineer
6.84,4,1,4,5,1,1,4,5,4,5,4,4,2,3,4,5,5,0,0,3,3,Computer Vision Engineer
6.91,4,5,5,5,1,1,2,4,4,2,3,5,2,4,5,4,4,0,1,2,5,Computer Vision Engineer
5.99,5,2,4,4,1,4,2,5,3,3,2,4,5,5,5,5,5,5,0,2,5,Computer Vision Engineer
7.86,4,4,5,4,3,2,4,1,3,4,4,4,2,3,2,1,2,1,0,1,5,Cybersecurity Analyst
5.95,5,5,4,3,2,5,2,2,1,5,5,4,3,1,4,4,3,2,1,1,5,Cybersecurity Analyst
7.41,1,3,3,3,4,5,3,5,4,4,4,5,2,2,4,2,4,1,0,3,4,Cybersecurity Analyst
9.32,5,4,4,3,2,2,1,2,5,4,4,5,2,3,1,3,1,3,1,4,4,Cybersecurity Analyst
9.97,3,3,5,2,3,4,2,3,2,4,5,4,3,2,4,1,1,5,0,1,4,Cybersecurity Analyst
9.7,4,2,2,5,1,5,3,5,3,5,4,5,5,1,5,4,5,1,0,2,5,Cybersecurity Analyst
6.97,1,2,4,3,1,2,3,2,3,4,4,5,2,5,1,1,5,3,0,3,4,Cybersecurity Analyst
9.37,3,2,3,2,4,5,4,1,4,5,5,5,5,5,3,2,1,3,1,3,4,Cybersecurity Analyst
8.72,4,4,5,2,4,2,5,3,2,5,4,5,4,1,5,1,3,0,0,2,5,Cybersecurity Analyst
8.34,3,2,2,2,1,3,2,3,1,4,4,4,1,2,1,3,4,0,0,1,4,Cybersecurity Analyst
9.17,1,5,4,4,2,2,2,5,1,5,4,5,1,3,4,4,1,1,1,3,5,Cybersecurity Analyst
6.98,4,2,2,2,4,4,1,4,3,4,5,5,2,1,3,3,4,0,0,2,4,Cybersecurity Analyst
7.01,1,3,4,1,2,5,5,4,3,5,5,4,2,3,3,5,5,5,1,5,5,Cybersecurity Analyst
9.64,5,4,5,1,5,4,3,4,2,4,5,4,2,5,2,4,1,1,0,5,4,Cybersecurity Analyst
9.26,1,2,3,5,4,3,3,1,1,4,4,4,2,4,4,2,5,1,1,4,4,Cybersecurity Analyst
7.02,2,5,5,3,4,5,3,2,3,5,5,5,5,2,2,4,5,0,1,1,4,Cybersecurity Analyst
8.82,3,5,5,3,2,1,3,1,4,4,5,4,2,4,1,2,2,4,1,4,5,Cybersecurity Analyst
7.11,3,3,4,1,1,5,5,5,1,5,4,4,4,3,1,2,1,0,0,2,4,Cybersecurity Analyst
6.21,4,5,4,4,2,2,5,5,4,5,5,4,3,3,2,1,1,3,0,4,4,Cybersecurity Analyst
9.7,5,4,3,5,4,2,5,5,2,4,5,4,4,3,1,3,3,0,0,4,5,Cybersecurity Analyst
5.95,4,2,2,1,1,2,3,4,2,4,4,5,4,5,2,5,1,1,1,4,5,Cybersecurity Analyst
9.46,1,5,4,5,5,2,2,2,3,5,4,5,4,2,5,1,5,4,1,5,4,Cybersecurity Analyst
8.39,4,1,2,1,4,4,5,4,2,5,4,5,2,3,5,3,1,2,1,4,5,Cybersecurity Analyst
7.46,4,1,2,3,4,4,1,1,1,4,5,4,5,5,4,1,2,1,1,5,5,Cybersecurity Analyst
6.73,4,1,3,5,1,2,4,4,1,5,5,5,4,4,5,4,5,3,1,4,5,Cybersecurity Analyst
8.54,3,5,4,5,2,3,3,5,5,4,5,5,1,3,4,2,1,2,1,4,4,Cybersecurity Analyst
9.97,4,2,3,4,5,4,1,4,4,4,5,5,4,4,3,2,4,5,0,1,4,Cybersecurity Analyst
8.58,4,5,1,5,2,5,5,3,2,5,5,4,2,3,4,5,4,3,1,4,5,Cybersecurity Analyst
8.51,4,5,3,1,4,1,1,3,5,5,5,4,4,5,3,3,4,1,1,3,4,Cybersecurity Analyst
7.36,1,2,3,4,5,3,2,1,5,4,5,4,5,4,3,1,5,5,0,5,4,Cybersecurity Analyst
6.4,2,5,5,1,3,5,2,4,3,4,4,5,4,2,4,3,2,1,0,4,5,Cybersecurity Analyst
5.86,5,1,4,3,1,2,1,1,5,5,5,5,5,1,4,5,1,3,0,4,5,Cybersecurity Analyst
8.31,3,2,3,5,4,1,4,5,1,5,5,5,5,5,4,3,3,4,1,1,4,Cybersecurity Analyst
7.87,2,1,4,2,1,1,2,2,5,5,5,5,3,5,2,5,4,0,1,1,5,Cybersecurity Analyst
7.28,5,1,5,4,2,1,1,4,4,5,4,4,2,4,3,4,4,5,0,1,5,Cybersecurity Analyst
9.25,5,3,4,4,1,3,5,1,3,4,4,4,2,2,1,1,3,0,0,4,5,Cybersecurity Analyst
9.71,2,3,1,1,1,5,2,3,4,5,4,5,4,3,3,2,2,1,1,5,4,Cybersecurity Analyst
8.03,2,2,2,4,3,1,2,3,5,5,5,4,3,5,1,5,5,4,0,5,4,Cybersecurity Analyst
9.08,3,4,3,3,2,1,3,3,4,5,4,4,1,1,3,4,3,5,0,2,5,Cybersecurity Analyst
7.17,3,2,4,1,2,3,4,1,4,5,4,4,3,2,5,5,4,4,1,5,5,Cybersecurity Analyst
6.77,5,1,1,3,1,3,5,3,1,4,4,5,5,4,5,5,5,5,0,1,4,Cybersecurity Analyst
6.76,5,3,2,5,5,4,4,4,3,4,5,4,5,5,5,4,5,1,1,5,4,Cybersecurity Analyst
7.76,1,2,1,5,3,4,1,4,4,4,5,5,2,5,3,4,1,2,1,2,4,Cybersecurity Analyst
5.77,2,4,3,1,5,3,4,4,4,4,4,5,2,2,2,5,3,0,1,1,4,Cybersecurity Analyst
8.19,4,4,2,5,5,1,4,2,1,4,5,4,3,4,4,2,3,4,1,2,4,Cybersecurity Analyst
6.95,4,4,5,5,2,4,5,1,5,4,5,4,1,2,3,1,3,4,1,3,4,Cybersecurity Analyst
6.99,5,4,2,3,2,1,2,2,5,4,4,5,1,3,4,5,2,4,1,5,5,Cybersecurity Analyst
6.33,2,1,1,4,4,1,4,2,1,5,5,5,5,1,3,1,3,2,0,5,4,Cybersecurity Analyst
8.9,4,5,1,5,4,3,1,5,5,5,5,4,3,2,5,3,5,1,1,5,5,Cybersecurity Analyst
6.11,5,4,2,5,1,5,5,5,2,5,4,5,4,1,2,3,2,5,1,1,4,Cybersecurity Analyst
5.97,3,5,2,1,3,4,3,1,3,5,4,4,1,1,4,3,3,2,1,4,4,Cybersecurity Analyst
9.42,1,1,2,2,2,1,5,5,4,5,5,4,2,4,4,1,2,2,1,3,5,Cybersecurity Analyst
7.42,4,2,2,5,3,1,4,5,3,4,4,5,1,2,2,1,2,0,0,3,5,Cybersecurity Analyst
5.75,2,2,5,2,2,4,1,3,5,4,5,5,5,4,4,4,1,4,0,5,5,Cybersecurity Analyst
7.7,4,3,4,3,2,3,1,3,2,5,4,5,1,3,5,2,3,0,1,1,4,Cybersecurity Analyst
6.14,1,3,4,3,2,1,1,1,3,5,5,4,3,2,5,5,1,4,0,4,4,Cybersecurity Analyst
9.36,3,3,5,3,5,1,5,4,2,5,5,4,2,4,2,5,2,3,1,2,4,Cybersecurity Analyst
9.5,1,3,3,4,3,1,3,3,1,5,4,5,3,3,1,1,4,1,1,5,5,Cybersecurity Analyst
9.45,4,4,1,2,1,2,1,1,4,5,5,4,4,4,1,3,4,2,1,3,5,Cybersecurity Analyst
8.59,1,4,5,1,2,1,5,5,1,5,5,5,3,3,4,3,4,2,1,4,5,Cybersecurity Analyst
5.71,1,5,4,4,3,5,1,5,5,4,5,4,3,1,1,4,4,2,1,5,4,Cybersecurity Analyst
7.63,2,4,3,2,2,1,4,2,4,5,4,4,3,1,4,1,2,4,1,5,4,Cybersecurity Analyst
7.35,1,1,2,1,3,4,4,1,2,4,4,4,5,4,4,5,2,3,0,1,5,Cybersecurity Analyst
6.73,2,4,1,4,1,1,4,4,1,4,5,5,3,1,3,3,1,3,1,2,4,Cybersecurity Analyst
9.29,1,4,5,5,1,5,1,1,5,5,4,4,4,4,5,4,5,0,0,1,5,Cybersecurity Analyst
8.58,1,3,5,1,1,4,4,5,1,5,5,5,3,2,5,4,2,0,0,3,5,Cybersecurity Analyst
6.97,4,1,4,3,5,1,1,3,4,5,5,4,1,4,2,5,5,2,1,3,4,Cybersecurity Analyst
8.29,3,1,1,2,3,5,2,4,3,4,4,5,3,4,4,5,4,0,0,4,4,Cybersecurity Analyst
9.91,2,5,4,4,5,3,2,2,4,5,4,4,2,1,2,5,2,3,1,4,5,Cybersecurity Analyst
7.82,1,1,4,4,3,5,3,5,5,5,5,4,5,1,3,5,2,2,1,3,5,Cybersecurity Analyst
8.66,5,5,4,1,5,5,1,1,2,5,4,4,1,3,3,3,1,5,0,1,4,Cybersecurity Analyst
9.16,3,5,4,3,2,1,1,2,3,5,4,4,1,2,5,3,4,1,0,2,5,Cybersecurity Analyst
7.0,2,5,1,4,2,4,2,4,1,4,5,4,3,2,5,2,2,4,1,5,5,Cybersecurity Analyst
9.51,4,2,5,1,4,2,2,4,4,4,4,4,5,3,3,3,2,1,1,5,4,Cybersecurity Analyst
6.01,2,4,4,4,2,4,2,4,2,4,4,5,3,3,4,3,3,1,1,2,5,Cybersecurity Analyst
6.61,1,5,1,3,1,3,5,5,4,4,5,5,2,2,2,5,1,1,1,4,5,Cybersecurity Analyst
7.68,1,4,5,4,1,1,3,4,4,4,4,5,5,5,1,3,3,0,0,4,4,Cybersecurity Analyst
9.33,5,3,1,3,5,5,2,5,3,4,5,5,3,5,4,1,3,2,0,5,5,Cybersecurity Analyst
9.54,2,1,4,1,5,3,3,3,2,4,4,4,5,4,3,5,2,4,1,1,5,Cybersecurity Analyst
5.95,2,3,2,3,1,3,4,5,3,4,4,5,5,4,4,1,4,3,0,4,4,Cybersecurity Analyst
7.06,5,2,5,5,4,5,4,1,4,5,5,5,1,4,3,4,1,2,0,4,4,Cybersecurity Analyst
6.15,3,3,2,1,3,2,4,3,5,4,5,5,2,1,1,4,4,1,1,1,5,Cybersecurity Analyst
7.29,5,5,5,5,5,4,5,5,3,4,4,4,5,1,5,5,3,0,1,5,5,Cybersecurity Analyst
6.73,3,5,5,5,5,5,4,1,2,4,5,5,4,4,1,2,3,1,1,2,4,Cybersecurity Analyst
6.29,2,1,1,2,3,4,1,3,2,4,5,5,5,3,1,1,1,4,1,4,5,Cybersecurity Analyst
6.63,3,5,4,1,2,5,1,2,1,4,4,4,2,1,4,2,2,5,1,2,5,Cybersecurity Analyst
7.82,1,5,1,4,1,1,1,1,5,4,4,5,4,1,5,4,3,4,1,3,4,Cybersecurity Analyst
5.59,4,2,2,4,3,3,1,2,2,5,5,5,4,3,4,1,4,0,1,3,4,Cybersecurity Analyst
9.65,4,3,5,3,4,3,5,3,1,4,5,5,5,5,5,5,2,0,0,5,4,Cybersecurity Analyst
9.28,4,5,2,2,3,2,4,5,1,5,5,4,2,1,1,2,5,0,0,3,5,Cybersecurity Analyst
9.25,1,4,5,3,3,3,5,2,2,5,5,4,4,2,1,3,4,2,1,1,4,Cybersecurity Analyst
9.57,5,3,5,2,2,3,4,4,1,4,4,4,3,1,2,1,2,2,0,5,4,Cybersecurity Analyst
7.06,5,1,1,4,4,4,3,5,5,4,4,5,3,4,3,4,4,3,1,2,4,Cybersecurity Analyst
7.29,5,1,1,3,2,3,3,3,2,5,5,4,4,5,5,1,5,5,0,4,4,Cybersecurity Analyst
9.93,1,1,1,4,4,5,3,5,1,5,4,4,2,4,4,1,1,5,1,5,4,Cybersecurity Analyst
6.83,5,5,1,4,5,2,1,3,3,4,4,4,4,2,3,2,3,5,1,1,4,Cybersecurity Analyst
5.91,1,1,3,5,1,3,4,1,1,5,5,4,2,5,1,2,3,2,0,4,4,Cybersecurity Analyst
9.74,5,3,5,4,5,2,1,2,1,4,4,4,5,2,1,2,5,4,1,5,5,Cybersecurity Analyst
5.79,3,3,1,3,3,5,5,5,3,5,5,5,5,5,1,4,4,2,1,3,4,Cybersecurity Analyst
9.99,1,3,1,3,1,3,3,5,3,5,4,4,1,5,5,3,5,5,0,5,4,Cybersecurity Analyst
5.89,4,3,5,3,1,5,5,5,4,5,4,4,1,1,3,3,4,2,0,5,4,Cybersecurity Analyst
9.53,2,2,1,1,3,1,1,1,3,4,5,4,5,1,3,3,4,0,1,2,4,Cybersecurity Analyst
5.6,3,2,2,4,1,2,1,5,3,5,4,4,4,3,2,5,5,1,0,2,5,Cybersecurity Analyst
8.34,1,3,5,2,2,4,3,5,3,5,5,4,3,3,1,4,2,0,0,2,4,Cybersecurity Analyst
9.68,1,5,1,4,5,2,5,4,4,5,5,4,2,2,3,4,2,1,0,4,4,Cybersecurity Analyst
8.72,4,3,5,2,5,3,5,4,2,5,4,4,3,3,2,5,5,0,1,2,4,Cybersecurity Analyst
8.0,4,5,1,2,5,5,4,3,3,4,4,5,5,4,5,5,5,1,1,1,5,Cybersecurity Analyst
5.72,5,1,5,5,2,1,1,2,2,5,5,5,2,1,4,4,3,1,1,2,5,Cybersecurity Analyst
7.07,1,2,5,2,3,1,2,4,4,4,4,4,3,5,2,3,5,5,1,1,5,Cybersecurity Analyst
7.06,4,3,5,1,1,5,3,4,5,4,4,4,4,2,5,4,2,2,1,1,4,Cybersecurity Analyst
8.41,5,3,5,2,1,5,3,1,1,5,4,4,3,4,2,2,1,4,0,4,5,Cybersecurity Analyst
5.95,3,2,1,3,1,3,3,4,5,4,4,5,5,2,1,2,3,3,1,4,5,Cybersecurity Analyst
6.08,5,4,2,4,4,2,3,4,1,4,4,5,4,3,3,5,5,1,0,5,4,Cybersecurity Analyst
8.56,3,1,3,5,3,1,4,5,4,4,5,5,2,2,2,1,4,0,0,2,4,Cybersecurity Analyst
7.77,5,4,3,1,4,4,5,2,1,5,5,4,4,5,2,4,4,2,1,5,5,Cybersecurity Analyst
7.19,4,5,3,1,1,3,5,1,1,5,5,5,4,2,1,2,1,0,1,2,4,Cybersecurity Analyst
9.76,1,2,1,5,1,4,1,5,2,4,4,5,3,2,2,2,5,1,1,3,5,Cybersecurity Analyst
7.37,3,2,3,3,1,4,5,4,3,5,5,4,2,1,5,2,5,0,0,1,5,Cybersecurity Analyst
7.9,4,4,5,2,1,3,2,4,4,4,5,5,1,4,5,4,5,5,1,2,5,Cybersecurity Analyst
9.4,4,5,4,1,1,2,1,5,1,5,4,4,3,3,4,2,2,0,1,1,5,Cybersecurity Analyst
6.44,5,1,3,2,1,3,3,4,2,5,4,4,5,3,3,5,5,1,0,2,5,Cybersecurity Analyst
5.8,1,4,1,4,4,4,5,4,5,5,4,5,1,3,3,2,5,0,0,2,4,Cybersecurity Analyst
8.65,5,1,3,1,1,1,3,4,2,5,4,5,5,4,4,3,1,0,0,3,5,Cybersecurity Analyst
9.24,2,3,1,3,3,2,2,2,5,5,5,4,2,3,1,2,3,5,1,3,4,Cybersecurity Analyst
8.78,1,1,1,3,3,5,4,1,2,5,5,5,3,3,4,5,1,1,1,1,5,Cybersecurity Analyst
8.98,5,3,4,1,4,5,4,5,5,4,4,4,1,5,3,5,4,5,1,2,5,Cybersecurity Analyst
8.27,2,1,1,5,1,3,1,3,3,4,4,4,4,2,1,4,4,5,1,3,4,Cybersecurity Analyst
6.89,3,5,3,5,5,2,3,4,4,5,5,5,5,2,4,2,5,1,1,2,5,Cybersecurity Analyst
9.9,2,4,4,1,5,2,2,3,2,5,5,5,2,2,5,2,1,3,0,3,4,Cybersecurity Analyst
7.35,3,1,2,3,2,2,1,1,3,4,5,4,2,1,1,3,4,2,1,4,4,Cybersecurity Analyst
8.51,5,4,1,1,5,2,4,4,5,4,5,5,4,4,4,1,3,2,1,2,4,Cybersecurity Analyst
8.37,2,5,3,2,3,3,3,3,4,5,4,4,2,2,1,1,2,0,1,3,5,Cybersecurity Analyst
7.8,2,5,2,4,4,4,5,1,3,5,5,5,1,1,5,4,4,5,1,2,5,Cybersecurity Analyst
6.31,1,2,2,2,3,2,3,2,4,4,4,4,5,3,1,3,3,5,1,2,5,Cybersecurity Analyst
9.61,3,4,1,4,3,2,3,5,4,5,4,5,1,3,5,1,3,1,0,1,5,Cybersecurity Analyst
8.68,3,3,3,5,4,1,4,2,3,5,4,5,2,2,5,4,2,3,0,1,5,Cybersecurity Analyst
9.64,5,5,1,4,5,2,2,3,1,4,5,4,3,4,4,4,2,1,1,3,5,Cybersecurity Analyst
8.52,2,4,2,4,3,3,3,3,3,5,5,4,5,5,2,2,4,1,0,2,4,Cybersecurity Analyst
5.87,5,1,3,4,4,1,5,3,4,4,4,4,3,2,1,5,2,5,1,5,4,Cybersecurity Analyst
7.25,3,5,1,3,1,1,5,5,4,4,5,5,3,1,5,4,1,0,1,3,4,Cybersecurity Analyst
8.8,5,2,4,5,4,4,4,1,2,4,4,4,2,3,1,5,1,0,1,3,4,Cybersecurity Analyst
6.3,1,3,2,5,1,3,4,4,5,4,4,4,5,1,2,3,4,1,0,4,4,Cybersecurity Analyst
7.98,3,2,3,1,2,2,5,3,1,5,5,4,3,4,1,4,3,3,1,1,4,Cybersecurity Analyst
9.15,2,1,2,4,4,2,2,3,4,5,5,4,4,3,1,3,3,3,1,3,5,Cybersecurity Analyst
6.55,2,3,3,1,4,1,3,3,1,4,5,4,5,5,5,2,4,1,1,2,4,Cybersecurity Analyst
6.48,4,3,2,4,2,1,4,1,5,5,4,4,5,3,5,5,2,0,0,4,5,Cybersecurity Analyst
6.06,3,4,3,1,2,4,4,2,1,5,4,4,5,4,4,1,3,2,1,1,4,Cybersecurity Analyst
7.35,4,5,5,4,3,1,1,4,1,4,4,5,4,2,1,5,3,1,1,1,4,Cybersecurity Analyst
6.08,4,5,4,3,3,2,2,5,4,4,4,4,2,1,4,4,4,4,0,5,5,Cybersecurity Analyst
6.38,5,4,2,1,1,2,1,4,2,4,4,5,2,4,4,4,2,2,0,3,5,Cybersecurity Analyst
7.13,3,2,2,1,3,4,5,1,1,4,5,4,2,5,4,4,3,3,1,1,5,Cybersecurity Analyst
9.51,4,5,3,5,1,4,5,5,1,4,5,4,2,3,1,3,2,4,1,3,4,Cybersecurity Analyst
6.42,5,3,3,3,3,3,4,3,4,5,4,5,3,1,2,4,2,5,1,5,5,Cybersecurity Analyst
8.77,1,2,5,3,1,2,1,2,3,5,4,4,5,2,3,3,4,1,1,4,4,Cybersecurity Analyst
9.76,2,5,2,3,4,5,4,5,3,4,4,5,4,4,3,5,5,4,0,3,5,Cybersecurity Analyst
7.31,2,4,5,3,5,1,2,2,2,4,4,4,3,5,1,3,1,0,0,4,4,Cybersecurity Analyst
7.79,4,2,2,5,1,1,2,1,3,5,5,5,3,2,2,1,2,0,1,2,5,Cybersecurity Analyst
6.11,5,2,1,5,2,2,5,4,5,4,5,5,2,4,4,3,3,2,1,4,4,Cybersecurity Analyst
5.61,4,3,1,1,4,3,2,3,2,4,4,5,5,1,2,4,3,1,1,1,5,Cybersecurity Analyst
8.46,3,3,2,4,2,1,1,3,4,4,4,5,1,1,2,5,5,2,0,1,5,Cybersecurity Analyst
9.5,2,5,5,4,1,2,3,3,4,5,4,4,4,2,2,2,1,3,0,2,5,Cybersecurity Analyst
7.04,4,3,4,1,4,3,3,5,4,5,4,4,5,4,5,3,1,5,0,2,5,Cybersecurity Analyst
6.68,5,1,5,3,4,1,4,1,5,4,5,4,1,1,4,2,3,0,1,4,5,Cybersecurity Analyst
7.91,1,3,3,2,4,2,1,4,1,5,5,4,5,2,4,2,4,0,1,1,5,Cybersecurity Analyst
8.33,5,5,2,5,2,3,4,4,3,4,4,5,2,1,3,4,4,3,1,2,5,Cybersecurity Analyst
6.27,5,4,2,2,5,2,4,4,4,5,5,5,1,4,4,5,4,1,1,3,4,Cybersecurity Analyst
9.43,2,5,5,3,1,3,2,3,1,5,4,4,4,3,2,3,1,4,1,3,4,Cybersecurity Analyst
7.02,5,4,1,4,3,4,1,2,5,4,4,4,4,1,1,3,2,2,0,5,4,Cybersecurity Analyst
8.85,5,3,4,4,2,2,4,4,3,4,5,5,5,2,2,1,4,3,0,3,5,Cybersecurity Analyst
9.04,1,3,4,4,4,1,1,2,3,5,5,5,1,1,4,5,1,3,0,1,5,Cybersecurity Analyst
9.47,3,2,5,2,4,4,4,3,2,5,4,5,1,2,3,4,5,2,0,1,5,Cybersecurity Analyst
5.94,4,3,3,5,3,5,1,1,2,5,4,5,2,3,2,1,4,3,0,1,5,Cybersecurity Analyst
7.4,4,2,4,4,4,2,4,3,1,4,5,4,3,1,1,5,5,1,0,3,5,Cybersecurity Analyst
5.89,2,3,4,5,5,2,3,1,2,4,4,4,4,3,2,1,3,5,0,4,5,Cybersecurity Analyst
5.54,5,3,4,3,1,5,1,1,3,5,4,4,3,2,1,2,5,2,1,2,5,Cybersecurity Analyst
9.64,5,4,1,5,2,1,4,1,5,5,5,4,2,1,3,5,4,1,1,1,5,Cybersecurity Analyst
8.59,3,5,2,2,5,4,2,4,5,4,4,5,5,4,4,5,1,2,0,1,4,Cybersecurity Analyst
6.16,4,2,2,4,1,1,1,3,2,4,4,5,2,4,5,2,4,4,0,1,4,Cybersecurity Analyst
6.91,5,4,4,1,3,3,2,2,4,4,5,4,3,4,5,2,4,4,0,5,4,Cybersecurity Analyst
9.54,2,1,4,3,3,3,2,5,3,4,4,5,3,5,2,4,5,1,1,5,5,Cybersecurity Analyst
6.92,4,3,4,5,3,4,1,2,4,4,4,4,2,3,4,4,2,2,1,5,5,Cybersecurity Analyst
7.86,5,2,1,5,5,2,2,1,3,4,5,5,3,1,5,3,3,3,0,5,4,Cybersecurity Analyst
6.58,5,2,5,3,3,3,3,3,2,5,5,4,4,1,5,1,1,0,1,3,4,Cybersecurity Analyst
5.53,1,5,2,3,1,4,4,4,4,4,4,5,2,4,2,3,2,2,1,5,4,Cybersecurity Analyst
9.55,3,1,3,4,2,1,4,1,5,5,4,5,4,4,2,5,2,3,1,1,5,Cybersecurity Analyst
9.81,4,2,5,4,1,3,4,4,5,5,4,5,4,3,3,2,4,2,1,5,5,Cybersecurity Analyst
7.32,2,4,4,1,4,2,3,2,4,4,4,4,1,1,5,4,2,3,1,2,5,Cybersecurity Analyst
7.27,5,2,5,5,2,2,1,1,3,5,5,5,5,4,4,2,1,2,1,4,5,Cybersecurity Analyst
8.76,3,3,1,3,1,4,3,4,3,4,4,4,3,5,1,2,5,0,0,4,4,Cybersecurity Analyst
9.36,2,3,3,4,5,2,2,4,2,4,5,4,1,2,5,1,3,4,1,3,4,Cybersecurity Analyst
9.86,4,2,1,4,4,4,4,1,3,4,5,5,1,5,1,5,2,2,1,2,4,Cybersecurity Analyst
5.62,4,4,3,5,2,5,1,4,4,4,4,5,5,1,4,5,1,2,1,3,5,Cybersecurity Analyst
6.3,4,3,5,5,4,5,4,5,1,4,5,5,5,5,1,5,5,5,0,3,5,Cybersecurity Analyst
7.37,5,3,3,5,5,2,1,2,1,5,4,5,2,3,2,1,5,2,0,4,4,Cybersecurity Analyst
9.87,2,1,5,2,5,2,5,4,5,4,4,5,1,5,4,2,1,5,0,5,5,Cybersecurity Analyst
7.84,1,2,1,1,4,1,1,1,2,5,4,4,5,5,4,1,5,0,1,3,4,Cybersecurity Analyst
9.6,4,2,1,3,3,5,5,1,4,5,5,5,1,1,4,5,1,0,1,2,4,Cybersecurity Analyst
6.89,1,5,2,1,3,5,5,2,3,4,4,5,4,4,4,4,4,3,1,5,5,Cybersecurity Analyst
7.66,1,3,1,2,1,4,5,4,2,5,4,5,3,1,2,4,3,5,0,3,5,Cybersecurity Analyst
7.51,2,1,3,1,5,1,4,4,4,4,5,5,1,2,1,1,4,2,1,4,4,Cybersecurity Analyst
9.89,4,1,1,3,3,4,5,1,5,5,3,5,4,4,4,1,4,5,1,2,4,Cloud Engineer
9.85,3,4,1,5,1,1,3,2,4,4,4,5,4,5,5,4,3,2,1,2,5,Cloud Engineer
5.54,2,1,5,4,3,3,4,5,3,3,4,5,5,4,3,4,1,0,1,2,4,Cloud Engineer
9.28,2,1,4,4,1,4,5,2,3,3,5,5,4,5,1,4,2,1,0,1,5,Cloud Engineer
7.54,3,3,2,3,2,4,5,4,2,5,4,5,4,5,3,5,5,5,1,5,4,Cloud Engineer
6.11,2,3,4,1,1,2,4,3,3,3,4,4,4,5,1,3,4,3,0,4,1,Cloud Engineer
9.28,4,3,4,3,4,3,4,1,1,5,3,4,5,4,4,5,3,0,1,4,1,Cloud Engineer
8.98,2,1,1,3,1,5,4,1,1,4,3,5,4,5,1,2,4,4,1,3,1,Cloud Engineer
7.87,3,1,4,4,5,4,4,4,3,5,5,5,5,5,4,4,1,0,0,3,1,Cloud Engineer
9.18,2,5,5,4,4,5,5,3,3,1,4,4,4,4,3,1,4,2,1,3,2,Cloud Engineer
5.53,4,5,1,5,5,4,5,5,3,1,4,5,5,5,1,3,1,0,0,1,3,Cloud Engineer
8.91,5,3,4,5,3,3,3,2,4,5,4,4,5,5,4,1,4,4,1,4,1,Cloud Engineer
8.25,5,3,2,3,3,5,3,1,2,4,4,4,5,5,3,2,1,4,1,4,5,Cloud Engineer
9.29,1,2,1,3,2,5,5,4,3,4,3,5,4,4,1,2,2,0,0,1,5,Cloud Engineer
6.54,1,3,2,4,4,1,5,3,1,5,5,5,4,4,1,4,4,0,0,2,2,Cloud Engineer
5.64,2,3,5,4,4,2,5,1,3,4,3,4,5,4,5,5,1,5,0,5,1,Cloud Engineer
7.11,5,2,1,3,3,2,5,3,1,3,3,5,4,4,2,3,5,0,0,5,5,Cloud Engineer
7.32,1,1,1,2,5,1,5,5,5,4,3,4,5,4,4,3,5,4,1,4,1,Cloud Engineer
7.45,2,4,1,4,2,3,3,4,4,3,5,5,5,4,4,1,2,3,0,2,4,Cloud Engineer
7.96,1,2,5,2,4,5,4,3,2,3,5,5,4,5,4,3,4,3,1,5,1,Cloud Engineer
8.88,2,5,3,1,3,4,4,3,5,3,3,5,4,5,4,2,1,0,1,4,2,Cloud Engineer
5.79,3,3,1,4,3,4,5,5,3,1,5,5,5,4,4,2,2,5,1,2,1,Cloud Engineer
8.58,5,2,2,4,5,5,5,1,4,1,4,5,4,4,1,5,2,4,1,2,2,Cloud Engineer
6.64,5,1,5,1,4,2,5,1,2,3,4,4,4,5,4,1,5,1,0,5,1,Cloud Engineer
8.16,5,4,2,1,2,4,4,2,5,1,3,5,5,4,3,4,3,5,1,3,2,Cloud Engineer
9.39,5,2,3,5,2,4,3,4,4,3,4,4,5,4,1,2,4,2,0,3,4,Cloud Engineer
6.24,5,4,2,1,3,1,5,1,3,1,4,5,4,5,4,5,3,1,1,1,1,Cloud Engineer
7.69,4,1,4,3,5,2,3,4,2,5,4,4,5,4,1,3,4,1,0,4,2,Cloud Engineer
8.43,4,2,1,2,4,4,4,5,4,5,5,4,4,5,1,1,5,3,1,3,3,Cloud Engineer
9.58,1,5,3,3,5,2,3,1,5,5,5,5,5,4,4,3,4,4,0,5,3,Cloud Engineer
8.65,3,4,3,5,2,2,4,5,4,2,5,5,4,5,3,2,5,1,0,4,4,Cloud Engineer
7.68,4,1,2,5,2,2,4,5,2,3,3,4,4,4,4,2,4,3,1,4,5,Cloud Engineer
6.39,3,2,4,2,5,3,5,5,2,2,4,4,5,5,4,3,1,3,0,5,5,Cloud Engineer
7.06,3,2,5,1,3,1,3,4,4,5,3,4,4,5,5,5,2,3,1,3,1,Cloud Engineer
5.78,2,2,4,5,2,1,4,1,1,3,3,5,4,5,4,3,5,1,1,1,3,Cloud Engineer
7.71,3,4,1,2,3,2,3,4,4,4,5,5,5,5,5,5,4,2,1,5,2,Cloud Engineer
8.13,4,3,4,5,2,4,3,2,5,5,4,5,5,5,4,2,5,4,0,1,4,Cloud Engineer
7.49,1,4,4,2,5,1,3,2,5,1,5,5,4,4,2,5,2,3,1,3,5,Cloud Engineer
6.64,5,3,4,2,3,5,3,2,1,3,4,4,4,4,5,5,4,4,0,3,5,Cloud Engineer
9.76,2,2,1,2,3,3,5,5,4,1,5,4,4,5,2,4,3,3,1,2,5,Cloud Engineer
8.49,3,3,1,4,2,5,5,1,4,4,3,4,4,4,1,1,3,4,1,2,1,Cloud Engineer
9.52,5,2,2,2,1,5,5,2,4,4,4,5,5,5,5,2,2,0,0,5,4,Cloud Engineer
7.32,4,5,2,3,1,4,4,5,5,4,4,5,4,4,5,4,1,1,0,5,1,Cloud Engineer
8.8,5,5,2,5,5,2,4,2,5,2,5,5,4,5,2,2,3,4,0,2,1,Cloud Engineer
6.44,5,2,4,3,4,2,5,4,4,2,5,4,4,5,2,2,1,3,1,2,1,Cloud Engineer
8.76,3,1,4,4,4,3,4,2,1,3,5,4,5,5,2,5,2,5,0,5,3,Cloud Engineer
6.1,4,1,1,3,3,1,4,5,4,5,5,5,4,4,4,5,3,1,0,4,3,Cloud Engineer
7.05,5,3,3,2,5,1,5,1,3,4,5,4,4,4,2,1,1,4,0,2,3,Cloud Engineer
5.56,4,5,3,5,2,5,4,2,3,2,3,4,4,4,2,5,5,0,1,3,4,Cloud Engineer
8.16,3,5,3,4,2,2,3,1,4,1,4,5,5,5,1,4,5,1,1,2,3,Cloud Engineer
9.8,5,2,5,2,3,2,3,5,4,2,4,5,5,4,1,1,4,1,1,5,4,Cloud Engineer
7.59,5,1,3,3,4,3,3,2,1,3,3,4,5,5,1,3,2,2,1,4,3,Cloud Engineer
6.83,1,2,2,1,3,1,5,1,5,2,4,5,5,4,3,4,5,3,0,1,4,Cloud Engineer
9.69,3,4,2,2,1,1,3,2,3,2,5,5,5,5,5,4,3,3,1,1,3,Cloud Engineer
8.42,1,1,1,4,1,1,5,4,3,3,5,4,4,5,1,3,1,3,1,1,2,Cloud Engineer
6.92,2,2,3,4,2,5,4,1,3,1,3,4,4,4,4,5,3,4,0,2,4,Cloud Engineer
7.65,4,1,1,5,4,5,4,3,4,1,3,4,4,4,5,1,1,2,0,2,3,Cloud Engineer
5.53,5,2,2,5,2,5,3,2,2,5,4,5,5,4,4,4,1,4,0,2,1,Cloud Engineer
7.27,4,2,1,3,5,2,4,5,4,2,3,5,4,4,5,3,4,0,0,1,2,Cloud Engineer
9.17,2,4,1,2,3,4,3,4,1,4,4,5,5,4,4,4,2,1,0,3,4,Cloud Engineer
6.34,3,2,2,1,2,1,3,2,1,5,4,5,4,5,1,1,5,5,1,3,5,Cloud Engineer
9.2,5,5,2,2,3,1,3,3,2,2,4,5,5,4,4,3,2,1,0,4,3,Cloud Engineer
8.97,5,1,4,4,2,3,4,2,2,1,3,4,5,4,2,1,1,5,1,1,5,Cloud Engineer
8.68,2,5,4,1,3,5,3,3,2,3,4,5,4,5,4,4,2,4,1,5,5,Cloud Engineer
6.89,2,4,3,1,5,3,3,1,3,5,3,5,5,4,2,1,3,0,1,1,2,Cloud Engineer
6.65,2,1,4,5,5,4,3,4,1,4,5,5,4,4,3,4,1,1,0,5,1,Cloud Engineer
8.73,2,3,5,3,5,3,5,5,2,2,5,5,4,5,1,5,4,1,0,1,2,Cloud Engineer
9.62,2,2,1,2,4,2,5,3,2,3,3,4,5,5,4,4,4,2,1,2,3,Cloud Engineer
6.41,3,4,4,3,5,4,4,1,4,5,5,4,4,4,2,5,3,1,0,1,1,Cloud Engineer
6.16,2,3,3,1,1,2,5,1,1,3,4,5,4,4,3,1,2,1,1,4,2,Cloud Engineer
5.79,3,3,5,2,4,5,5,3,2,3,3,5,5,4,5,3,4,0,1,1,4,Cloud Engineer
9.13,3,2,5,2,3,4,3,5,3,2,5,5,4,4,2,1,3,1,1,2,4,Cloud Engineer
9.54,1,2,2,2,4,1,4,2,5,3,5,4,4,5,3,5,2,2,1,1,2,Cloud Engineer
8.63,1,5,2,2,4,5,3,3,4,2,4,4,5,5,1,4,5,4,1,3,3,Cloud Engineer
9.97,2,2,5,4,4,5,5,2,3,2,3,4,5,5,3,3,4,1,1,3,2,Cloud Engineer
9.36,2,2,2,5,4,4,5,1,2,1,5,4,5,5,5,2,1,4,1,3,4,Cloud Engineer
7.27,2,1,1,3,5,3,3,1,2,4,5,5,4,4,2,1,2,5,1,5,3,Cloud Engineer
5.95,5,2,4,5,2,3,3,5,2,1,3,4,4,5,1,2,5,4,0,3,5,Cloud Engineer
9.52,1,4,5,3,2,4,3,5,3,5,4,4,4,4,2,3,3,0,1,4,2,Cloud Engineer
7.67,2,2,1,1,1,2,3,1,1,2,5,5,5,5,1,1,2,5,1,5,3,Cloud Engineer
9.4,5,2,2,5,5,2,5,1,3,1,3,4,4,4,4,5,5,0,1,1,1,Cloud Engineer
9.72,2,2,4,3,4,1,5,1,2,5,4,4,5,4,1,5,1,3,1,5,3,Cloud Engineer
8.96,5,1,2,1,2,2,5,4,2,1,5,4,5,4,3,5,4,1,0,3,2,Cloud Engineer
7.34,4,3,3,3,5,1,3,5,4,1,4,5,4,4,2,5,5,4,1,1,3,Cloud Engineer
6.83,2,2,3,5,2,5,4,4,4,3,5,4,5,4,1,3,3,4,1,5,1,Cloud Engineer
8.6,4,2,2,2,4,4,4,5,5,4,5,5,5,4,4,4,2,0,0,4,4,Cloud Engineer
9.7,4,1,4,5,3,4,4,2,2,4,3,5,5,5,1,3,3,3,1,3,3,Cloud Engineer
9.39,4,5,1,3,3,2,5,1,4,1,5,5,4,4,1,5,4,0,0,5,4,Cloud Engineer
9.1,1,4,5,3,4,2,5,5,3,1,5,4,5,5,4,2,4,1,1,4,4,Cloud Engineer
7.48,4,4,4,3,2,4,5,2,4,2,3,4,4,5,4,1,1,3,0,5,4,Cloud Engineer
6.41,5,2,4,1,2,2,5,4,2,2,3,5,5,4,5,1,1,1,1,5,1,Cloud Engineer
8.23,5,4,4,5,3,5,5,4,5,3,4,4,5,5,5,4,4,0,0,2,5,Cloud Engineer
9.91,5,1,3,1,2,1,5,1,5,3,3,5,4,4,2,5,3,0,1,5,2,Cloud Engineer
6.76,2,2,3,3,3,2,3,1,3,2,5,5,4,4,1,5,3,5,1,4,1,Cloud Engineer
5.99,1,5,3,1,3,1,4,4,5,1,4,5,5,4,3,2,3,3,0,3,5,Cloud Engineer
6.12,2,5,1,3,5,2,3,4,4,4,3,4,4,4,5,4,2,5,0,1,2,Cloud Engineer
5.6,4,3,4,5,2,4,4,4,4,2,3,4,5,5,2,5,4,3,1,5,2,Cloud Engineer
7.0,2,1,2,4,3,2,5,2,2,5,5,4,5,5,3,4,3,3,0,1,3,Cloud Engineer
8.54,5,5,5,3,3,3,5,1,2,1,5,5,5,5,2,5,4,3,1,5,3,Cloud Engineer
9.65,2,2,3,5,1,5,3,1,3,5,5,4,5,5,2,5,1,2,0,2,5,Cloud Engineer
6.34,1,4,3,5,3,4,3,5,1,1,3,5,5,5,3,3,2,5,1,3,3,Cloud Engineer
6.28,3,5,5,1,5,2,3,4,5,4,3,4,5,5,5,5,4,2,0,4,5,Cloud Engineer
8.28,2,4,4,4,1,3,5,1,2,5,3,5,5,5,4,5,2,0,0,4,2,Cloud Engineer
6.55,2,1,4,5,1,1,4,4,3,5,5,4,5,4,3,2,4,4,1,3,1,Cloud Engineer
6.13,5,3,3,5,1,2,5,3,5,4,3,4,4,4,3,3,5,1,0,5,2,Cloud Engineer
9.72,4,2,2,5,3,5,3,1,1,1,5,5,5,5,4,1,2,1,0,4,3,Cloud Engineer
5.65,1,4,5,3,2,5,4,3,3,4,5,4,5,4,1,4,2,2,0,1,2,Cloud Engineer
8.65,2,5,3,4,2,2,5,2,1,5,4,5,4,4,2,3,3,2,0,4,4,Cloud Engineer
5.56,5,1,4,5,4,2,3,4,3,5,4,5,5,5,2,2,4,1,0,4,5,Cloud Engineer
6.09,2,3,2,2,2,2,5,4,4,2,3,4,4,5,3,1,2,0,0,1,4,Cloud Engineer
8.93,2,4,5,5,4,2,3,1,4,4,5,4,4,5,4,4,4,5,1,1,2,Cloud Engineer
9.65,2,1,2,3,1,2,3,4,2,2,5,4,4,4,4,1,5,0,1,2,3,Cloud Engineer
8.03,1,3,5,2,3,5,5,5,3,2,4,5,5,5,5,1,3,2,0,1,4,Cloud Engineer
7.42,3,3,4,4,5,1,5,1,2,3,3,5,5,4,3,5,1,1,1,5,5,Cloud Engineer
8.81,1,4,2,5,4,3,5,1,5,5,4,5,4,5,3,5,4,2,0,4,4,Cloud Engineer
9.15,1,5,4,2,5,1,3,3,4,2,3,4,4,5,2,2,2,1,0,1,1,Cloud Engineer
9.28,4,3,1,5,4,2,4,5,1,5,4,5,5,4,4,3,5,1,0,5,5,Cloud Engineer
6.56,2,5,3,4,1,5,3,4,1,5,4,5,4,5,3,3,2,4,0,4,5,Cloud Engineer
9.25,2,5,3,3,5,1,4,3,3,2,3,4,5,5,1,4,1,4,0,1,4,Cloud Engineer
5.82,4,2,5,2,3,4,4,2,3,3,5,5,4,4,2,5,1,5,0,5,1,Cloud Engineer
8.66,5,4,4,4,2,4,5,3,2,4,5,4,5,5,5,2,2,0,1,2,4,Cloud Engineer
7.81,3,4,1,4,3,2,5,2,3,5,5,5,4,4,4,1,2,2,1,2,2,Cloud Engineer
8.41,5,1,2,1,1,3,3,1,3,2,3,4,4,5,1,3,2,0,0,2,2,Cloud Engineer
9.98,2,3,5,4,3,5,4,4,1,4,4,5,4,4,4,4,4,4,1,4,5,Cloud Engineer
7.3,3,4,2,1,2,2,5,3,5,4,3,4,4,4,2,3,4,5,1,3,4,Cloud Engineer
6.98,2,3,1,2,3,4,3,5,2,4,5,5,5,5,3,4,2,1,0,4,3,Cloud Engineer
9.43,4,5,3,2,1,4,4,4,4,4,5,4,4,4,3,3,5,4,1,1,4,Cloud Engineer
7.86,2,2,2,4,5,2,3,2,4,3,4,5,5,4,4,3,2,0,1,5,4,Cloud Engineer
9.7,2,3,5,5,5,2,5,4,2,1,3,4,5,5,2,5,3,4,1,4,2,Cloud Engineer
8.81,2,4,4,4,5,5,4,5,1,2,5,5,5,5,1,3,3,1,1,4,2,Cloud Engineer
6.82,5,3,1,4,1,2,4,1,1,1,3,4,5,5,4,4,2,3,0,5,2,Cloud Engineer
5.66,5,4,3,5,3,3,4,1,1,1,5,4,5,5,5,1,3,3,1,4,3,Cloud Engineer
6.49,2,5,1,3,3,2,4,3,2,4,3,5,4,5,1,2,5,4,1,3,2,Cloud Engineer
8.43,1,1,2,4,2,4,3,5,2,5,4,4,4,4,1,5,4,2,0,5,3,Cloud Engineer
8.59,5,4,4,4,1,4,3,1,3,5,4,4,4,4,5,1,4,1,1,5,5,Cloud Engineer
5.67,2,3,3,5,4,2,5,4,5,5,4,4,5,4,2,5,3,2,1,4,4,Cloud Engineer
7.69,3,5,1,3,2,4,5,4,5,3,5,5,5,5,1,4,5,5,0,4,5,Cloud Engineer
7.78,5,1,5,5,4,2,3,3,2,5,5,5,5,5,2,2,3,3,0,5,3,Cloud Engineer
8.23,5,4,4,4,5,4,3,3,2,4,5,5,5,4,5,5,4,4,0,5,4,Cloud Engineer
8.82,2,3,4,1,5,4,3,4,1,2,5,5,5,5,1,1,3,3,1,1,1,Cloud Engineer
7.7,4,3,3,5,1,1,5,5,5,4,4,5,5,4,5,4,3,1,0,1,2,Cloud Engineer
7.53,4,1,3,4,2,4,4,2,3,1,4,5,5,4,2,2,2,1,1,3,4,Cloud Engineer
8.81,5,4,2,4,5,3,3,1,3,4,5,5,5,4,5,2,4,1,1,3,3,Cloud Engineer
8.6,4,3,1,5,4,5,5,4,3,5,4,5,5,4,2,4,3,0,0,4,2,Cloud Engineer
7.72,2,5,1,3,2,3,5,2,1,5,4,5,5,5,4,1,2,4,0,1,4,Cloud Engineer
8.39,1,4,2,3,5,2,5,1,3,5,3,4,4,5,3,4,3,3,1,5,5,Cloud Engineer
6.75,1,2,1,1,5,5,3,3,5,3,3,5,5,5,2,3,5,5,0,3,1,Cloud Engineer
7.26,4,5,2,1,4,5,4,3,3,2,3,4,4,4,4,2,3,1,1,4,1,Cloud Engineer
7.74,4,3,1,3,3,4,4,5,2,1,3,4,5,5,2,3,2,4,1,5,1,Cloud Engineer
6.62,3,5,4,3,1,4,3,2,3,3,5,5,5,5,2,4,1,4,1,5,3,Cloud Engineer
9.86,2,4,4,5,3,5,5,5,5,4,4,4,5,5,2,2,1,4,0,5,1,Cloud Engineer
6.31,4,4,2,1,2,3,5,1,3,5,5,4,5,4,4,5,3,2,1,2,3,Cloud Engineer
6.31,5,3,1,2,1,5,3,2,3,2,3,5,4,5,2,3,1,1,1,2,5,Cloud Engineer
5.57,1,4,2,2,3,5,5,5,2,3,4,4,5,5,1,5,2,5,1,3,3,Cloud Engineer
8.52,3,5,4,1,4,4,3,5,2,3,4,5,5,5,1,4,4,5,0,4,2,Cloud Engineer
8.37,1,3,3,2,1,5,4,4,5,4,3,5,5,4,5,2,3,5,1,5,2,Cloud Engineer
5.63,2,3,1,3,2,3,4,4,3,5,5,4,5,4,2,1,5,4,1,3,3,Cloud Engineer
8.43,4,2,3,3,4,2,3,2,1,5,4,4,4,4,5,1,2,2,0,4,3,Cloud Engineer
6.26,2,1,2,5,2,3,3,5,1,2,3,4,5,5,2,1,4,0,1,3,3,Cloud Engineer
7.99,4,1,3,5,1,4,4,2,3,3,4,5,5,5,5,2,2,4,0,2,4,Cloud Engineer
6.13,2,5,3,2,2,4,5,5,1,1,5,4,5,4,2,4,1,0,0,3,2,Cloud Engineer
9.5,1,3,3,4,4,3,3,1,5,3,4,5,5,4,1,1,2,4,0,1,4,Cloud Engineer
7.04,3,1,2,1,2,2,4,3,1,1,4,4,4,5,5,2,4,2,0,1,2,Cloud Engineer
5.87,4,2,3,5,3,1,4,5,1,3,3,5,5,4,2,2,3,2,0,1,4,Cloud Engineer
6.38,4,3,5,1,1,4,5,1,1,5,3,4,5,4,4,2,2,2,1,2,2,Cloud Engineer
7.31,4,3,4,1,1,2,5,3,5,1,5,5,4,4,5,3,5,0,0,1,1,Cloud Engineer
6.66,1,1,1,4,4,2,5,4,4,1,4,5,4,4,2,3,1,3,1,4,5,Cloud Engineer
5.83,2,1,4,1,2,4,3,5,4,1,4,4,5,5,1,4,2,5,1,1,4,Cloud Engineer
5.55,5,1,4,4,5,2,3,4,2,3,3,5,5,4,5,1,2,0,0,1,4,Cloud Engineer
9.49,4,4,1,4,1,1,3,5,2,4,5,5,4,4,4,2,3,3,0,1,2,Cloud Engineer
6.92,5,3,3,4,2,2,4,3,4,1,4,4,5,4,3,4,2,5,1,3,2,Cloud Engineer
6.37,4,2,2,3,3,1,5,5,5,1,3,5,4,5,2,4,3,1,0,3,1,Cloud Engineer
5.64,1,2,1,5,5,4,5,3,4,1,4,5,5,5,3,2,1,0,1,1,2,Cloud Engineer
7.53,4,4,1,4,1,5,5,4,1,5,3,4,5,4,4,4,3,5,0,1,4,Cloud Engineer
7.54,2,4,1,2,2,4,3,1,5,1,3,4,5,5,1,2,3,3,1,1,1,Cloud Engineer
6.57,5,4,3,4,1,5,4,2,1,5,5,4,5,5,2,5,3,0,0,4,5,Cloud Engineer
7.38,3,4,3,3,2,3,4,4,5,2,5,4,5,4,5,4,2,5,1,5,3,Cloud Engineer
7.66,2,2,1,1,4,3,5,2,1,5,5,4,4,5,3,5,2,5,1,1,3,Cloud Engineer
8.77,5,2,3,2,1,5,4,1,3,3,3,5,4,4,1,5,5,5,0,5,2,Cloud Engineer
6.03,1,2,2,5,1,1,4,5,4,1,4,5,5,4,5,5,3,0,1,1,3,Cloud Engineer
8.07,2,2,2,2,2,5,4,1,4,3,3,5,4,4,5,2,4,2,1,5,1,Cloud Engineer
9.92,4,3,3,1,3,5,5,3,5,4,4,4,5,5,5,1,1,4,0,5,5,Cloud Engineer
7.24,4,3,3,2,2,3,3,5,2,2,4,5,4,5,2,5,5,1,1,5,2,Cloud Engineer
9.08,4,1,3,1,4,5,4,1,3,4,5,4,4,4,5,5,1,2,1,2,2,Cloud Engineer
9.27,5,1,2,3,2,5,5,3,5,4,5,5,5,5,2,2,2,5,1,5,2,Cloud Engineer
7.9,2,1,5,4,4,5,5,4,2,2,3,4,4,4,1,5,1,1,0,5,2,Cloud Engineer
9.55,1,3,3,3,3,1,4,4,1,2,3,4,5,4,1,2,2,1,1,5,2,Cloud Engineer
8.24,1,3,3,1,4,3,3,3,1,1,4,4,4,4,3,4,5,0,1,3,3,Cloud Engineer
9.79,3,5,3,1,5,5,5,5,3,4,3,5,4,5,3,5,2,2,0,2,5,Cloud Engineer
7.68,1,3,2,4,2,5,3,3,1,2,3,5,5,4,4,1,2,3,0,4,5,Cloud Engineer
8.59,3,1,4,3,4,1,5,3,4,4,5,4,5,4,5,1,3,5,0,5,2,Cloud Engineer
9.84,3,4,2,4,5,2,3,5,4,3,4,5,5,5,5,2,3,1,1,3,1,Cloud Engineer
9.31,5,1,4,5,3,5,5,1,5,2,3,5,5,4,1,1,4,0,0,3,3,Cloud Engineer
8.35,4,1,3,5,4,5,4,1,1,3,4,4,5,4,5,5,1,2,0,1,3,Cloud Engineer
6.04,5,3,3,2,1,4,5,4,1,5,3,5,5,5,5,5,3,5,0,4,2,Cloud Engineer
9.96,2,1,2,4,3,2,4,1,1,3,3,4,4,4,5,5,1,4,0,5,1,Cloud Engineer
7.03,1,1,1,5,1,2,3,2,5,5,5,4,5,4,2,3,5,3,1,1,3,Cloud Engineer
6.15,1,3,2,1,2,1,3,1,5,4,5,5,5,5,4,3,1,3,1,1,1,Cloud Engineer
7.45,1,4,1,3,1,2,5,4,4,3,4,5,4,4,2,2,2,0,0,2,5,Cloud Engineer
9.24,3,3,5,4,1,1,5,5,2,1,5,4,4,4,4,4,3,2,0,3,3,Cloud Engineer
8.2,5,1,3,1,2,4,4,5,5,1,1,3,2,1,1,1,4,5,1,3,4,Software Engineer
8.19,4,1,2,5,3,1,5,4,5,5,5,4,1,1,1,5,1,3,0,1,4,Software Engineer
9.97,3,4,1,3,2,3,5,5,3,5,5,5,2,3,4,4,5,5,0,4,5,Software Engineer
7.0,5,3,2,1,4,5,4,5,3,2,4,3,2,4,3,4,2,1,0,5,5,Software Engineer
6.12,2,4,2,3,3,4,5,4,4,2,3,1,3,2,2,2,2,0,1,2,4,Software Engineer
5.69,4,1,3,5,4,3,4,4,5,2,4,4,4,2,2,5,3,3,1,2,5,Software Engineer
7.13,2,3,4,2,4,1,5,4,3,3,3,2,4,2,3,3,3,3,0,5,5,Software Engineer
6.45,2,5,3,5,1,2,4,4,4,2,3,4,5,2,5,2,4,2,1,5,4,Software Engineer
9.77,3,2,4,3,3,5,5,5,3,1,3,4,3,2,5,3,5,2,0,5,4,Software Engineer
9.86,1,5,3,4,5,2,4,5,4,2,5,1,2,3,5,5,2,1,0,3,4,Software Engineer
8.23,4,4,4,4,2,2,5,4,3,3,5,5,2,5,2,4,3,1,1,1,4,Software Engineer
7.28,1,2,3,5,2,5,4,4,5,3,3,2,5,5,4,4,3,2,1,4,4,Software Engineer
9.8,4,1,5,5,3,3,5,4,5,3,5,4,4,2,5,4,2,3,1,2,4,Software Engineer
9.01,4,1,4,4,2,1,4,5,4,4,5,5,1,4,5,3,5,4,0,1,5,Software Engineer
9.4,5,1,4,3,2,5,4,5,3,1,3,5,2,2,3,1,3,1,1,5,4,Software Engineer
6.92,5,4,1,1,5,2,5,5,3,3,4,2,4,4,1,4,5,0,1,5,4,Software Engineer
6.33,2,2,3,3,1,3,4,4,5,4,3,1,1,4,2,5,3,2,1,5,4,Software Engineer
7.2,2,5,2,2,3,4,4,5,3,3,1,3,3,4,5,1,1,3,0,5,4,Software Engineer
9.27,4,5,4,1,1,1,4,4,5,2,3,1,1,1,2,2,2,0,0,4,4,Software Engineer
8.87,1,4,4,1,5,1,5,4,4,1,1,4,3,1,2,2,1,2,1,3,5,Software Engineer
7.83,4,2,3,2,5,5,4,5,4,5,1,3,3,2,3,4,3,5,0,2,4,Software Engineer
6.37,4,5,1,5,5,3,4,4,3,1,1,5,2,4,4,5,4,5,1,1,5,Software Engineer
5.76,5,1,2,4,3,5,5,4,3,5,3,4,3,5,3,5,3,3,0,4,5,Software Engineer
7.72,5,2,5,2,4,3,4,5,5,2,1,5,2,4,5,2,3,2,0,3,5,Software Engineer
7.14,4,1,1,4,4,5,4,4,3,2,5,5,1,3,4,2,1,0,1,1,4,Software Engineer
9.43,4,4,2,3,4,4,5,5,4,4,1,1,3,2,1,2,5,1,1,2,5,Software Engineer
8.69,3,2,2,2,3,2,5,4,5,2,3,5,4,2,3,2,4,1,0,3,4,Software Engineer
6.68,2,2,5,4,4,4,5,4,5,4,4,2,5,5,4,1,2,2,1,1,4,Software Engineer
9.53,4,1,5,3,1,4,4,4,4,3,3,2,2,4,4,4,3,1,1,5,5,Software Engineer
7.19,4,4,5,2,5,4,4,5,4,1,4,3,2,5,1,4,4,2,0,2,4,Software Engineer
7.41,4,1,5,5,1,5,4,4,4,4,5,4,3,3,5,3,5,3,1,4,4,Software Engineer
6.52,5,1,4,4,5,3,5,4,3,2,4,2,3,4,3,1,3,5,0,4,5,Software Engineer
5.75,3,1,2,3,3,2,5,4,5,1,3,3,2,4,5,1,4,4,0,1,4,Software Engineer
7.45,4,2,5,1,3,4,4,4,3,4,2,5,3,2,5,1,4,3,0,2,4,Software Engineer
7.43,4,4,4,5,5,5,5,5,5,3,3,3,3,3,5,4,3,1,0,4,4,Software Engineer
6.83,4,5,2,1,5,5,4,5,3,5,1,5,2,3,1,1,4,3,1,5,4,Software Engineer
5.63,1,1,2,4,2,1,4,4,4,4,5,4,3,4,5,4,3,4,0,5,5,Software Engineer
8.11,3,1,2,1,4,3,5,5,5,4,2,1,5,4,5,3,5,0,1,1,4,Software Engineer
8.76,3,5,1,1,3,4,4,5,3,5,5,3,3,1,3,3,2,0,1,5,4,Software Engineer
6.43,5,5,2,4,4,1,4,5,4,5,4,4,4,1,5,2,1,2,1,2,4,Software Engineer
9.05,5,2,4,1,2,3,5,5,5,5,3,4,4,4,2,5,1,1,0,1,4,Software Engineer
6.11,2,1,2,2,5,4,5,5,4,5,1,3,4,2,4,2,3,2,0,4,4,Software Engineer
7.2,5,5,5,4,4,5,4,4,5,4,4,1,4,3,1,4,2,0,1,2,5,Software Engineer
6.99,1,3,4,2,3,3,5,4,4,1,1,2,4,1,3,4,3,5,1,2,5,Software Engineer
5.9,5,4,3,3,3,2,5,4,3,4,3,4,5,4,4,3,4,5,1,5,4,Software Engineer
7.64,3,1,1,5,1,1,4,5,4,5,5,1,4,4,4,5,5,1,0,5,5,Software Engineer
7.58,2,5,1,1,2,2,5,4,5,3,3,2,3,4,3,1,2,5,1,5,4,Software Engineer
5.95,3,1,4,3,2,2,5,5,5,1,1,3,4,4,1,3,3,1,1,4,4,Software Engineer
8.82,4,2,2,2,2,4,5,5,3,5,2,1,4,1,3,5,5,1,1,5,5,Software Engineer
6.9,5,3,2,4,4,2,5,5,3,2,4,2,1,3,1,4,3,0,0,1,5,Software Engineer
5.76,5,3,5,5,2,2,5,4,5,3,5,4,4,5,4,5,2,0,0,1,5,Software Engineer
5.73,1,4,3,4,3,5,5,4,3,4,5,3,5,1,4,3,5,0,1,1,4,Software Engineer
9.55,5,2,5,3,5,1,4,4,4,3,2,1,3,4,1,1,2,4,1,2,4,Software Engineer
7.22,2,1,3,2,4,3,4,4,5,5,2,5,4,2,1,1,5,4,1,3,5,Software Engineer
6.25,3,2,1,3,4,2,5,5,4,4,3,1,1,2,2,4,5,3,1,2,5,Software Engineer
6.9,2,3,2,4,1,2,5,5,4,2,2,3,1,1,1,2,1,3,0,5,5,Software Engineer
9.39,2,3,4,5,5,2,4,5,3,1,5,1,3,1,2,2,2,4,0,4,4,Software Engineer
9.87,3,5,3,2,1,5,5,5,5,3,3,4,1,3,4,3,5,2,1,3,5,Software Engineer
8.91,5,4,2,5,5,5,5,5,3,5,1,3,3,4,5,2,2,0,0,2,5,Software Engineer
9.02,5,2,4,4,5,3,5,5,3,1,4,3,5,4,1,5,3,3,1,4,5,Software Engineer
8.49,2,3,3,3,5,2,4,5,3,5,2,4,3,5,2,1,5,2,1,5,4,Software Engineer
6.24,5,5,4,2,5,5,4,5,5,4,3,4,2,2,5,4,3,3,1,4,4,Software Engineer
9.73,2,4,1,5,1,4,5,5,5,2,2,3,2,4,4,5,1,4,1,4,5,Software Engineer
5.97,3,1,1,3,2,1,5,4,3,4,3,1,1,2,1,2,3,4,0,2,4,Software Engineer
9.76,5,3,3,5,2,1,4,5,4,1,2,3,3,1,2,4,4,4,0,1,4,Software Engineer
9.55,4,4,3,2,5,5,4,5,3,4,1,5,5,4,1,2,3,5,1,1,4,Software Engineer
6.91,4,5,3,3,4,2,5,4,4,5,3,2,2,4,4,4,5,1,1,3,4,Software Engineer
9.67,5,4,3,5,2,1,4,4,3,3,4,1,5,3,4,4,1,3,0,4,4,Software Engineer
9.39,2,5,1,5,5,3,5,4,4,2,1,1,3,3,4,1,2,1,1,1,4,Software Engineer
5.97,5,4,5,2,5,4,4,5,4,4,4,3,3,2,5,1,1,4,1,1,5,Software Engineer
6.22,2,3,1,2,2,2,5,5,4,4,1,1,1,5,4,4,2,5,1,4,5,Software Engineer
6.37,3,4,2,4,5,3,5,4,5,1,3,3,5,4,5,2,3,0,0,1,5,Software Engineer
8.76,1,1,1,2,3,4,5,4,4,5,5,1,1,5,4,3,4,1,1,5,5,Software Engineer
7.3,5,3,2,4,5,4,4,4,4,4,1,4,1,2,4,5,4,0,1,2,5,Software Engineer
9.08,3,4,2,1,1,5,4,5,5,3,4,4,1,5,3,3,2,0,1,2,5,Software Engineer
9.64,4,5,4,5,4,2,4,5,5,2,1,4,4,1,1,5,2,1,1,4,4,Software Engineer
9.57,5,5,2,5,4,2,5,5,5,4,3,5,5,2,4,5,4,3,0,1,5,Software Engineer
8.95,1,3,5,2,3,5,4,4,4,1,4,2,4,1,2,2,2,3,0,5,4,Software Engineer
8.51,3,1,3,1,2,4,4,5,5,5,5,2,3,4,5,1,1,2,1,1,4,Software Engineer
7.76,3,3,2,5,2,5,5,4,4,5,5,1,1,1,1,2,4,4,0,2,5,Software Engineer
6.26,3,2,4,2,5,4,5,4,5,5,2,4,4,1,2,1,3,3,1,5,4,Software Engineer
6.16,1,1,1,3,3,5,4,4,5,5,5,1,1,1,4,1,2,0,0,1,5,Software Engineer
7.95,2,1,4,4,5,5,5,4,5,4,4,4,3,3,2,5,4,0,0,3,5,Software Engineer
6.69,3,3,1,5,5,4,4,5,4,5,4,4,3,2,2,5,4,1,0,4,5,Software Engineer
7.63,1,2,2,4,3,1,4,4,5,1,4,3,1,2,3,4,1,1,1,2,5,Software Engineer
8.13,3,5,4,5,5,4,5,4,4,1,4,2,2,2,1,5,1,1,1,3,4,Software Engineer
6.83,2,3,4,3,1,1,5,4,5,2,1,3,4,2,4,2,4,4,0,3,4,Software Engineer
9.11,2,2,3,4,3,2,5,4,5,4,5,4,3,3,2,1,3,4,1,3,5,Software Engineer
5.59,3,2,5,1,2,3,5,5,4,1,2,3,2,3,2,5,2,4,0,2,5,Software Engineer
7.88,1,1,2,2,1,5,4,5,5,1,1,5,3,5,3,2,2,2,1,4,4,Software Engineer
8.82,5,4,5,2,4,4,4,5,3,4,2,2,1,2,1,2,4,0,0,3,5,Software Engineer
6.79,2,1,2,2,4,1,4,5,4,4,2,5,1,5,4,4,2,1,1,1,5,Software Engineer
7.94,4,1,4,1,3,4,5,4,5,3,4,2,2,5,4,2,1,1,0,5,4,Software Engineer
6.12,3,5,1,2,5,5,5,5,4,2,5,1,2,2,5,3,2,5,1,3,5,Software Engineer
5.96,3,3,5,4,2,5,4,4,3,4,2,2,5,2,2,5,3,3,0,5,4,Software Engineer
8.26,4,5,2,5,1,2,4,4,4,5,5,1,3,3,2,2,5,2,1,4,4,Software Engineer
8.35,3,2,4,1,1,3,4,4,4,2,4,4,1,2,5,4,1,2,0,3,5,Software Engineer
7.99,1,5,2,5,1,4,5,4,4,2,4,3,5,2,3,5,5,1,0,5,5,Software Engineer
6.77,5,2,2,4,5,3,4,5,4,2,4,4,2,1,3,5,3,0,0,1,5,Software Engineer
7.48,2,2,5,5,3,4,5,4,5,2,5,2,2,5,3,1,3,5,1,2,4,Software Engineer
7.08,4,5,2,3,1,5,5,5,4,1,1,4,3,1,4,5,1,5,0,4,5,Software Engineer
5.51,5,3,5,1,4,3,5,5,3,2,1,3,4,2,5,5,4,0,0,3,4,Software Engineer
9.94,2,2,1,4,4,1,5,4,4,1,3,5,3,3,5,3,2,3,0,5,4,Software Engineer
8.36,5,3,3,1,3,1,4,4,4,5,3,4,4,5,2,2,2,1,0,5,4,Software Engineer
9.72,3,1,4,5,4,3,5,4,5,4,5,3,1,4,2,4,4,0,1,2,5,Software Engineer
7.44,1,5,4,3,4,4,4,5,3,3,5,2,4,5,4,4,5,3,0,2,5,Software Engineer
9.59,1,3,4,5,2,2,5,5,5,3,1,3,1,2,5,4,3,0,1,2,4,Software Engineer
5.72,1,1,3,5,2,4,5,4,5,2,2,2,3,1,4,5,1,5,1,3,5,Software Engineer
9.48,3,3,4,3,4,1,5,4,4,1,2,4,3,5,3,3,5,0,1,3,5,Software Engineer
8.86,3,4,1,2,3,4,4,5,5,4,3,5,5,1,3,1,1,3,0,4,5,Software Engineer
7.02,4,1,3,2,5,3,4,5,3,2,1,2,4,3,2,3,2,0,1,5,5,Software Engineer
8.77,3,2,2,2,1,5,4,5,5,4,1,4,1,3,4,3,3,3,1,1,5,Software Engineer
7.27,4,5,1,3,3,2,4,5,4,1,1,5,5,3,3,3,4,2,1,2,4,Software Engineer
9.61,5,5,1,4,1,2,5,5,4,3,2,5,3,5,3,1,2,4,0,3,5,Software Engineer
7.81,4,3,1,1,4,4,4,5,5,1,3,1,1,2,4,1,1,4,1,2,5,Software Engineer
9.11,4,1,4,1,5,5,4,4,4,1,4,4,1,2,2,2,1,5,0,1,5,Software Engineer
6.97,1,5,5,5,5,1,5,5,4,1,4,3,1,4,5,1,2,4,0,2,5,Software Engineer
8.04,4,2,4,2,1,4,4,4,4,4,4,3,3,5,5,2,4,2,1,5,4,Software Engineer
7.84,4,4,1,5,2,4,5,4,5,5,3,5,1,1,5,1,3,4,1,1,4,Software Engineer
9.25,1,2,3,4,1,3,5,4,5,5,3,3,2,2,5,1,2,5,1,3,4,Software Engineer
9.41,3,5,4,2,1,3,4,4,4,1,5,2,2,3,5,5,2,2,1,1,4,Software Engineer
8.23,1,2,4,5,5,3,5,5,5,5,3,3,4,1,3,1,5,5,1,5,4,Software Engineer
7.32,2,4,2,5,5,2,5,4,5,4,4,5,5,4,1,4,2,1,1,5,4,Software Engineer
5.79,3,4,4,2,4,3,5,4,4,1,2,3,1,1,3,1,1,2,1,4,5,Software Engineer
6.6,5,2,2,4,2,3,5,4,4,5,2,4,5,3,1,5,5,3,1,1,4,Software Engineer
9.1,1,5,5,5,5,2,4,4,3,3,5,4,5,4,5,2,5,0,1,2,4,Software Engineer
9.16,2,3,2,4,4,3,4,4,4,2,3,3,2,5,5,1,1,2,1,2,5,Software Engineer
8.01,2,1,2,4,5,5,4,5,3,4,2,4,4,5,4,3,2,3,1,2,5,Software Engineer
7.82,2,3,4,3,2,5,4,5,5,1,1,5,5,1,1,5,1,2,0,5,4,Software Engineer
8.6,3,4,5,3,3,5,5,4,3,1,1,4,3,3,4,4,3,4,1,4,4,Software Engineer
7.64,5,4,5,1,4,1,5,4,3,2,2,1,3,1,4,4,4,1,1,3,4,Software Engineer
9.16,1,5,1,2,4,2,4,5,4,4,1,4,1,1,5,2,1,5,1,3,5,Software Engineer
8.54,2,3,4,5,4,1,4,4,3,3,1,5,3,3,1,1,4,3,0,4,5,Software Engineer
6.3,4,4,5,5,3,2,4,5,3,3,2,3,1,2,2,2,1,3,1,5,5,Software Engineer
6.14,3,3,3,3,2,3,4,4,4,5,4,1,1,1,4,2,1,0,1,5,4,Software Engineer
5.71,3,2,3,4,3,1,4,4,4,5,3,4,1,3,3,1,2,5,1,2,4,Software Engineer
7.5,2,5,5,5,4,5,4,5,3,1,3,5,3,5,5,2,2,1,0,2,4,Software Engineer
6.65,1,3,1,1,4,5,4,4,3,5,1,1,4,2,2,4,4,2,0,2,5,Software Engineer
8.81,5,4,3,3,5,2,4,4,5,4,3,5,1,4,3,4,3,0,0,1,5,Software Engineer
6.15,2,2,3,5,5,2,4,4,5,3,4,2,5,4,4,4,4,3,0,1,5,Software Engineer
9.84,3,4,5,1,1,3,5,5,4,1,4,4,4,1,1,4,1,2,1,1,5,Software Engineer
8.08,5,2,2,2,1,1,4,4,3,3,5,4,1,2,1,1,4,2,0,5,4,Software Engineer
8.8,1,3,5,3,2,1,5,5,3,2,4,4,5,3,4,1,5,3,0,2,5,Software Engineer
8.94,5,4,1,1,2,1,4,4,3,2,2,4,2,4,1,1,5,4,0,4,4,Software Engineer
7.53,4,3,2,1,5,2,4,4,5,4,3,1,1,5,1,5,5,3,1,2,4,Software Engineer
5.83,4,4,2,5,3,2,5,5,4,1,2,1,1,4,1,2,3,0,0,1,4,Software Engineer
9.46,5,4,3,1,4,4,4,4,3,5,1,2,4,5,3,3,1,4,1,3,5,Software Engineer
5.68,1,4,4,4,5,1,4,4,5,5,1,3,3,3,2,1,4,0,1,5,5,Software Engineer
8.6,2,3,3,2,4,3,4,5,3,2,2,5,2,3,1,4,5,1,0,1,4,Software Engineer
5.63,1,2,3,5,2,1,5,4,5,4,1,1,2,5,1,3,4,0,0,1,5,Software Engineer
5.95,2,2,3,1,5,4,5,4,5,2,2,2,4,1,1,1,5,3,1,4,5,Software Engineer
5.59,2,5,3,3,4,1,5,4,4,1,1,5,2,3,3,4,3,0,1,5,4,Software Engineer
7.2,2,4,5,4,4,4,5,4,4,5,1,1,5,5,5,1,5,0,1,1,4,Software Engineer
7.96,2,1,2,5,1,1,5,5,3,1,4,5,5,4,4,3,4,4,0,5,5,Software Engineer
6.2,3,2,5,3,4,2,5,5,3,2,2,3,2,4,5,3,5,4,1,4,5,Software Engineer
8.94,4,2,4,1,3,5,4,4,4,3,3,3,5,5,4,2,4,0,0,4,5,Software Engineer
9.73,2,1,3,5,5,4,5,4,3,5,2,5,5,1,3,2,1,3,1,5,4,Software Engineer
9.52,5,4,4,5,3,5,4,5,4,5,5,1,5,4,4,5,1,1,0,2,4,Software Engineer
6.05,2,3,5,4,1,1,4,4,5,2,2,3,2,4,5,1,5,5,0,1,4,Software Engineer
6.44,5,4,4,4,3,4,5,4,3,4,4,4,2,5,4,1,3,0,0,1,5,Software Engineer
7.49,4,3,5,2,4,1,4,4,4,2,3,5,1,3,1,4,4,1,0,3,4,Software Engineer
9.68,5,2,3,1,3,5,4,4,3,2,5,2,3,4,4,1,4,5,1,4,4,Software Engineer
7.12,5,3,2,5,3,2,4,5,4,4,4,3,4,2,4,1,2,0,0,2,5,Software Engineer
6.5,1,1,1,5,5,1,4,5,3,5,1,3,4,4,2,4,5,1,0,1,4,Software Engineer
9.48,5,3,5,5,5,1,4,5,3,4,1,5,2,3,3,1,5,3,0,5,4,Software Engineer
5.64,4,4,2,5,4,5,4,4,5,2,3,5,1,1,5,1,4,0,0,3,5,Software Engineer
9.66,4,1,4,3,5,3,5,4,5,2,4,2,2,2,2,1,5,5,1,2,4,Software Engineer
8.14,1,3,5,1,2,4,4,5,3,3,2,5,5,1,2,5,4,2,1,3,4,Software Engineer
8.5,5,3,3,4,5,1,4,5,4,4,5,2,4,1,5,3,5,0,0,3,5,Software Engineer
9.94,3,2,2,4,1,5,4,4,3,4,3,1,5,4,4,5,2,2,1,4,5,Software Engineer
5.97,4,2,5,4,4,5,5,4,3,4,3,1,5,1,5,3,1,4,1,3,4,Software Engineer
7.89,3,4,4,2,5,2,5,5,5,3,3,5,5,5,5,1,4,1,0,4,4,Software Engineer
6.13,5,1,3,5,1,1,5,4,3,1,2,1,1,2,5,3,4,4,0,3,4,Software Engineer
8.95,4,2,3,5,4,1,4,5,4,3,4,4,1,5,4,1,5,2,0,2,5,Software Engineer
6.65,1,4,3,3,1,3,4,4,3,3,2,2,4,1,5,2,4,3,0,1,5,Software Engineer
9.59,4,5,2,1,3,5,5,4,5,5,3,1,1,2,4,2,3,4,0,1,5,Software Engineer
6.88,3,4,5,4,2,2,5,4,5,1,2,5,1,4,3,1,2,2,0,2,4,Software Engineer
6.41,4,4,4,2,4,3,4,4,4,1,1,5,1,1,1,2,5,2,1,3,5,Software Engineer
8.08,4,2,4,3,2,2,4,5,5,4,4,3,4,3,3,3,2,1,1,5,4,Software Engineer
7.25,2,1,3,4,5,2,4,5,5,5,4,3,5,3,4,2,1,1,1,4,4,Software Engineer
6.1,4,5,5,3,5,1,5,4,4,5,3,5,5,1,3,3,2,5,1,2,5,Software Engineer
9.39,1,2,3,1,4,3,5,5,5,5,3,2,2,4,2,2,4,3,1,5,4,Software Engineer
8.87,2,2,4,2,4,3,4,5,3,3,5,3,1,2,2,3,1,2,0,3,4,Software Engineer
9.92,3,2,1,2,5,5,5,5,4,4,1,2,3,3,2,5,3,1,1,3,5,Software Engineer
5.56,5,4,4,4,5,5,4,4,3,3,1,5,5,2,2,1,2,4,1,3,4,Software Engineer
7.22,3,4,3,5,5,2,5,4,3,5,2,3,1,2,2,1,5,1,1,5,5,Software Engineer
6.72,5,1,3,2,3,5,5,4,3,4,5,2,2,2,5,2,5,3,0,2,4,Software Engineer
5.58,5,5,2,2,2,5,4,4,5,5,4,5,5,3,4,3,1,0,0,1,5,Software Engineer
8.5,3,2,3,5,1,2,5,5,5,1,3,2,5,1,2,1,1,1,0,4,5,Software Engineer
6.01,3,5,5,3,1,4,5,4,4,5,4,5,4,1,3,4,4,5,1,2,4,Software Engineer
9.85,1,4,3,2,5,2,5,4,3,4,1,2,5,5,3,5,5,0,0,4,4,Software Engineer
7.05,1,2,2,4,1,4,5,4,3,1,2,3,5,1,1,2,1,2,0,4,5,Software Engineer
8.96,4,2,2,3,1,2,4,5,5,1,3,3,4,2,1,4,1,3,0,4,4,Software Engineer
6.67,4,3,4,1,3,5,5,4,3,2,4,1,1,3,5,1,1,1,1,2,4,Software Engineer
6.45,1,2,2,2,3,4,4,4,3,2,2,1,5,2,2,5,2,3,1,5,5,Software Engineer
6.19,3,1,1,1,2,2,4,5,4,2,4,5,2,4,4,2,4,0,0,2,4,Software Engineer
6.4,3,5,4,4,3,4,4,5,5,2,2,5,1,3,3,1,1,0,0,3,5,Software Engineer
7.25,3,1,1,1,2,4,5,5,4,3,3,3,3,5,1,4,3,0,0,2,5,Software Engineer
8.48,3,2,2,4,5,3,5,5,5,4,1,2,3,3,1,3,3,2,1,1,4,Software Engineer
5.64,4,2,2,1,5,5,4,5,3,4,2,3,1,3,2,4,4,2,0,5,4,Software Engineer
